,0,1,2,3,4,5,6,7,8,9,10,11,12,13,14,15,16,17,18,19,20,21,22,23,24,25,26,27,28,29,30,31,32,33,34,35,36,37,38,39,40,41,42,43,44,45,46,47,48,49,50,51,52,53,54,55,56,57,58,59,60,61,62,63,64,65,66,67,68,69,70,71,72,73,74,75,76,77,78,79,80,81,82,83,84,85,86,87,88,89,90,91,92,93,94,95,96
0,"['ksux75', '-nws-']",,,,,,,,,,,,,,,,,,,,,,,,,,,,,,,,,,,,,,,,,,,,,,,,,,,,,,,,,,,,,,,,,,,,,,,,,,,,,,,,,,,,,,,,,,,,,,,,
1,"['kstduj', 'Worth_Cryptographer7']","['gii12l5', 'Saytanschild', 'kstduj']","['giilyfe', 'eeeabr', 'kstduj']","['giipnfr', 'futte0975', 'kstduj']",,,,,,,,,,,,,,,,,,,,,,,,,,,,,,,,,,,,,,,,,,,,,,,,,,,,,,,,,,,,,,,,,,,,,,,,,,,,,,,,,,,,,,,,,,,,,
2,"['ksrjf9', 'ocatlove']","['gihqbyv', 'holymotherofcats', 'ksrjf9']","['gii6nim', 'mollai', 'ksrjf9']","['gij1dwx', 'Seratio', 'ksrjf9']","['gim65br', 'fc967', 'ksrjf9']","['gim6of9', 'fc967', 'ksrjf9']","['gihqs8z', 'ocatlove', 'gihqbyv']","['gijd0su', 'ocatlove', 'gii6nim']","['gijcxhj', 'ocatlove', 'gij1dwx']","['git5l0k', 'ocatlove', 'gim6of9']","['gihr69v', 'holymotherofcats', 'gihqs8z']","['gihrkp3', 'ocatlove', 'gihr69v']",,,,,,,,,,,,,,,,,,,,,,,,,,,,,,,,,,,,,,,,,,,,,,,,,,,,,,,,,,,,,,,,,,,,,,,,,,,,,,,,,,,,,
3,"['ksqyzf', 'Feeling_Difference_8']","['gii6dov', 'mollai', 'ksqyzf']","['gim5xy7', 'fc967', 'ksqyzf']",,,,,,,,,,,,,,,,,,,,,,,,,,,,,,,,,,,,,,,,,,,,,,,,,,,,,,,,,,,,,,,,,,,,,,,,,,,,,,,,,,,,,,,,,,,,,,
4,"['ksqvcv', 'TessaFink']",,,,,,,,,,,,,,,,,,,,,,,,,,,,,,,,,,,,,,,,,,,,,,,,,,,,,,,,,,,,,,,,,,,,,,,,,,,,,,,,,,,,,,,,,,,,,,,,
5,"['ksq6ys', '-H_A_Z_E-']",,,,,,,,,,,,,,,,,,,,,,,,,,,,,,,,,,,,,,,,,,,,,,,,,,,,,,,,,,,,,,,,,,,,,,,,,,,,,,,,,,,,,,,,,,,,,,,,
6,"['kspzus', 'Wishingforanswers']",,,,,,,,,,,,,,,,,,,,,,,,,,,,,,,,,,,,,,,,,,,,,,,,,,,,,,,,,,,,,,,,,,,,,,,,,,,,,,,,,,,,,,,,,,,,,,,,
7,"['kspqjq', '2caiques']","['gihm2ab', 'EphratahNothing', 'kspqjq']","['gihcx4c', 'amanitadrink', 'kspqjq']","['giht9qo', 'brokecollegekid69', 'kspqjq']","['gihtbkg', 'thegorethemerrier', 'kspqjq']","['gihwepw', 'eeeabr', 'kspqjq']","['gihykt1', 'trippy_hedron89', 'kspqjq']","['gii1caj', 'Clphurry', 'kspqjq']","['gii48bq', 'Traditional_Listen97', 'kspqjq']","['giib6or', 'meisen99', 'kspqjq']","['giijv8h', 'dogzilla1029', 'kspqjq']","['giioe6y', 'Snazzy_SassyPie', 'kspqjq']","['gint5t9', 'civonuap94', 'kspqjq']","['giht7tc', 'brokecollegekid69', 'gihm2ab']","['gii1agb', 'laplumedematante', 'gihcx4c']","['gii9ejj', 'EdmontonGal81', 'gihcx4c']","['gijm4n8', '2caiques', 'gihtbkg']","['gijmhl0', '2caiques', 'giib6or']","['gijksxq', '2caiques', 'giijv8h']","['gim7hmc', 'thegorethemerrier', 'gijm4n8']","['gimh41e', 'meisen99', 'gijmhl0']","['gil1gta', 'dogzilla1029', 'gijksxq']",,,,,,,,,,,,,,,,,,,,,,,,,,,,,,,,,,,,,,,,,,,,,,,,,,,,,,,,,,,,,,,,,,,,,,,,,,,
8,"['kspd1r', 'jimmybobby28']",,,,,,,,,,,,,,,,,,,,,,,,,,,,,,,,,,,,,,,,,,,,,,,,,,,,,,,,,,,,,,,,,,,,,,,,,,,,,,,,,,,,,,,,,,,,,,,,
9,"['ksorhd', 'haventmetyou']","['gih8u97', 'kippy236', 'ksorhd']","['gihiy3q', 'Hop-a-lung', 'ksorhd']","['gihj5tp', 'haventmetyou', 'gihiy3q']","['gihmy1h', 'Hop-a-lung', 'gihj5tp']",,,,,,,,,,,,,,,,,,,,,,,,,,,,,,,,,,,,,,,,,,,,,,,,,,,,,,,,,,,,,,,,,,,,,,,,,,,,,,,,,,,,,,,,,,,,
10,"['ksoo0c', 'SickNTired710']","['gihfvn5', 'schoobydoo42', 'ksoo0c']","['gih7ewe', 'Delouest', 'ksoo0c']","['giiq97q', '-ohohohitsmagic-', 'ksoo0c']","['gijiggv', '4x4Welder', 'ksoo0c']","['gih8dym', 'SickNTired710', 'gih7ewe']",,,,,,,,,,,,,,,,,,,,,,,,,,,,,,,,,,,,,,,,,,,,,,,,,,,,,,,,,,,,,,,,,,,,,,,,,,,,,,,,,,,,,,,,,,,
11,"['ksof5n', 'ismellpanties93']","['gij95tl', 'TheCatOfSchr0dinger', 'ksof5n']","['gih9acl', 'kippy236', 'ksof5n']","['gii23on', 'p7deletion', 'ksof5n']","['giir6vl', 'mollai', 'ksof5n']","['gij5hrz', 'Pyrheart', 'ksof5n']","['gij9wv4', 'None', 'ksof5n']","['ginq0ri', 'SlickNicCA', 'ksof5n']","['ginbgkk', 'None', 'ksof5n']","['gijedvs', 'ismellpanties93', 'gij95tl']","['gijejcj', 'ismellpanties93', 'giir6vl']","['gije5j1', 'ismellpanties93', 'gij5hrz']","['gije9nj', 'ismellpanties93', 'gij9wv4']","['gikosyq', 'TheCatOfSchr0dinger', 'gijedvs']","['gik4n1s', 'Pyrheart', 'gije5j1']","['gijg6gm', 'None', 'gije9nj']",,,,,,,,,,,,,,,,,,,,,,,,,,,,,,,,,,,,,,,,,,,,,,,,,,,,,,,,,,,,,,,,,,,,,,,,,,,,,,,,,
12,"['ksnpsp', 'tothesealikeme']",,,,,,,,,,,,,,,,,,,,,,,,,,,,,,,,,,,,,,,,,,,,,,,,,,,,,,,,,,,,,,,,,,,,,,,,,,,,,,,,,,,,,,,,,,,,,,,,
13,"['ksn1jn', '[deleted]']","['gigwfix', 'SnooDoughnuts3166', 'ksn1jn']",,,,,,,,,,,,,,,,,,,,,,,,,,,,,,,,,,,,,,,,,,,,,,,,,,,,,,,,,,,,,,,,,,,,,,,,,,,,,,,,,,,,,,,,,,,,,,,
14,"['ksmyp7', 'TroubledGamestress']",,,,,,,,,,,,,,,,,,,,,,,,,,,,,,,,,,,,,,,,,,,,,,,,,,,,,,,,,,,,,,,,,,,,,,,,,,,,,,,,,,,,,,,,,,,,,,,,
15,"['ksk1yj', 'iekjgjejzbbd']","['gigfjuo', 'Squirrelhenge', 'ksk1yj']","['gigphfy', 'None', 'ksk1yj']","['gih61dg', 'HistoricalApple3', 'ksk1yj']","['gih6lmy', 'SickNTired710', 'ksk1yj']","['gijbtj0', 'MadamNerd', 'ksk1yj']","['gigwr0o', 'Noinipo12', 'gigphfy']","['gijfont', 'iekjgjejzbbd', 'gih61dg']","['gijf9ow', 'iekjgjejzbbd', 'gih6lmy']",,,,,,,,,,,,,,,,,,,,,,,,,,,,,,,,,,,,,,,,,,,,,,,,,,,,,,,,,,,,,,,,,,,,,,,,,,,,,,,,,,,,,,,,
16,"['ksjzsa', 'Pyrheart']","['gige3ri', 'Squirrelhenge', 'ksjzsa']","['gigflst', 'OneMorePenguin', 'ksjzsa']","['gigge1s', 'Terminus_terror', 'ksjzsa']","['giggwkm', 'lab_god', 'ksjzsa']","['giglj6l', 'brokecollegekid69', 'ksjzsa']","['gih6cyy', 'KatCorgan', 'ksjzsa']","['gih1ri7', 'HCCO', 'ksjzsa']","['gih2skz', 'groundzeroxyu', 'ksjzsa']","['gihbsdu', 'abaconservative404', 'ksjzsa']","['gihiaue', 'welp49', 'ksjzsa']","['gigmpp0', 'Icussr', 'ksjzsa']","['gigl1as', 'BoobieRicch', 'ksjzsa']","['gigxhns', 'dertyyouop', 'ksjzsa']","['gih314t', 'beatspigs', 'ksjzsa']","['gihhjke', 'funkyb0b0', 'ksjzsa']","['gii59a2', 'umekoangel', 'ksjzsa']","['giici7u', 'Celera314', 'ksjzsa']","['gija0up', 'None', 'ksjzsa']","['gio6epk', 'Toadie9622', 'ksjzsa']","['gitxjmm', 'svenkite', 'ksjzsa']","['gihgkj7', 'None', 'ksjzsa']","['gigedsx', 'Pyrheart', 'gige3ri']","['gigias9', 'Pyrheart', 'gige3ri']","['gighbzl', 'Pyrheart', 'gigflst']","['gighitx', 'Pyrheart', 'gigge1s']","['gigm065', 'Pyrheart', 'giglj6l']","['giiz13i', 'Pyrheart', 'gih6cyy']","['giiyrhy', 'Pyrheart', 'gih1ri7']","['giiz63l', 'Pyrheart', 'gih2skz']","['giizbmn', 'Pyrheart', 'gihbsdu']","['giizfkl', 'Pyrheart', 'gihiaue']","['gigpuee', 'MorriWolf', 'gigmpp0']","['gign9k6', 'Pyrheart', 'gigmpp0']","['gigzi7k', 'CrispyKitten', 'gigmpp0']","['gigl5v4', 'Pyrheart', 'gigl1as']","['giiz9wq', 'Pyrheart', 'gih314t']","['giizk5h', 'Pyrheart', 'gihhjke']","['giizmgs', 'Pyrheart', 'gii59a2']","['giiztib', 'Pyrheart', 'giici7u']","['giib8bn', 'Cancer35shots', 'gigedsx']","['gigxlyy', 'Squirrelhenge', 'gigias9']","['gigojtn', 'brokecollegekid69', 'gigm065']","['gigzedw', 'Icussr', 'gigpuee']","['gijkqcr', 'beatspigs', 'giiz9wq']","['giiyn0q', 'Pyrheart', 'giib8bn']","['gigvbxb', 'Pyrheart', 'gigojtn']","['gih1h1n', 'brokecollegekid69', 'gigvbxb']",,,,,,,,,,,,,,,,,,,,,,,,,,,,,,,,,,,,,,,,,,,,,,,,,
17,"['ksj50z', '-nws-']",,,,,,,,,,,,,,,,,,,,,,,,,,,,,,,,,,,,,,,,,,,,,,,,,,,,,,,,,,,,,,,,,,,,,,,,,,,,,,,,,,,,,,,,,,,,,,,,
18,"['ksj4kb', 'marielljyr']","['gig8wu2', 'dayglo98', 'ksj4kb']","['giggu8o', 'marielljyr', 'ksj4kb']","['gih6bo6', 'SickNTired710', 'ksj4kb']","['gihc7qs', 'TheSwamp_Witch', 'ksj4kb']","['gihnm5r', 'HCCO', 'ksj4kb']","['gihykx2', 'eeeabr', 'ksj4kb']","['gigp64s', 'zweitaktfan', 'ksj4kb']","['gigaenz', 'marielljyr', 'gig8wu2']","['gigpeko', 'Faralesh', 'giggu8o']","['giho39s', 'marielljyr', 'gih6bo6']","['giho40o', 'marielljyr', 'gihc7qs']","['giho54s', 'marielljyr', 'gihnm5r']","['gihc3mx', 'TheSwamp_Witch', 'gigp64s']","['gihypim', 'eeeabr', 'gigp64s']","['giik56m', 'zweitaktfan', 'gihypim']","['giilo44', 'eeeabr', 'giik56m']","['giim7xp', 'zweitaktfan', 'giilo44']","['giimaud', 'eeeabr', 'giim7xp']",,,,,,,,,,,,,,,,,,,,,,,,,,,,,,,,,,,,,,,,,,,,,,,,,,,,,,,,,,,,,,,,,,,,,,,,,,,,,,
19,"['ksj2ip', 'newswise1']",,,,,,,,,,,,,,,,,,,,,,,,,,,,,,,,,,,,,,,,,,,,,,,,,,,,,,,,,,,,,,,,,,,,,,,,,,,,,,,,,,,,,,,,,,,,,,,,
20,"['ksir9r', 'mariahthom']","['gig7qmr', 'Galdin311', 'ksir9r']","['gigefse', 'Hotdog_jingle', 'ksir9r']","['giiozzs', 'mariahthom', 'ksir9r']","['gigben4', 'amylk346', 'ksir9r']","['gisncfc', 'lord_ive', 'ksir9r']","['gigbvcc', 'Fizziox', 'ksir9r']","['gih76ju', 'SickNTired710', 'ksir9r']","['gig83dj', 'mariahthom', 'gig7qmr']","['gij5u55', 'Pyrheart', 'giiozzs']","['gigcm76', 'Fizziox', 'gigben4']","['gigcjtd', 'Fizziox', 'gigben4']","['gig8cfx', 'Galdin311', 'gig83dj']","['gigcbbw', 'Fizziox', 'gig83dj']","['gigdfqs', 'amylk346', 'gigcm76']","['gigdrlx', 'amylk346', 'gigcjtd']","['gig9wp9', 'mariahthom', 'gig8cfx']","['gigdz4b', 'Fizziox', 'gigdrlx']","['gigcgb6', 'Fizziox', 'gig9wp9']","['gige72u', 'amylk346', 'gigdz4b']",,,,,,,,,,,,,,,,,,,,,,,,,,,,,,,,,,,,,,,,,,,,,,,,,,,,,,,,,,,,,,,,,,,,,,,,,,,,,
21,"['kshnmn', 'jennisess']","['gifyzu9', 'Melodic_Machine_9818', 'kshnmn']",,,,,,,,,,,,,,,,,,,,,,,,,,,,,,,,,,,,,,,,,,,,,,,,,,,,,,,,,,,,,,,,,,,,,,,,,,,,,,,,,,,,,,,,,,,,,,,
22,"['ksf5of', 'eggplantsrin']",,,,,,,,,,,,,,,,,,,,,,,,,,,,,,,,,,,,,,,,,,,,,,,,,,,,,,,,,,,,,,,,,,,,,,,,,,,,,,,,,,,,,,,,,,,,,,,,
23,"['ksbx9h', 'King_Tofu']","['gif3qoz', 'None', 'ksbx9h']","['gigc12z', 'amylk346', 'gif3qoz']",,,,,,,,,,,,,,,,,,,,,,,,,,,,,,,,,,,,,,,,,,,,,,,,,,,,,,,,,,,,,,,,,,,,,,,,,,,,,,,,,,,,,,,,,,,,,,
24,"['ksbqed', 'beechlasanga']","['gififak', 'cancerkidette', 'ksbqed']","['gifjoix', 'beechlasanga', 'gififak']","['gifkoxh', 'cancerkidette', 'gifjoix']","['gifkshj', 'beechlasanga', 'gifkoxh']",,,,,,,,,,,,,,,,,,,,,,,,,,,,,,,,,,,,,,,,,,,,,,,,,,,,,,,,,,,,,,,,,,,,,,,,,,,,,,,,,,,,,,,,,,,,
25,"['ks9olg', 'MarryBen2000']",,,,,,,,,,,,,,,,,,,,,,,,,,,,,,,,,,,,,,,,,,,,,,,,,,,,,,,,,,,,,,,,,,,,,,,,,,,,,,,,,,,,,,,,,,,,,,,,
26,"['ks91qz', 'Ethical_John']","['giex68u', 'None', 'ks91qz']","['giexfia', 'TeacupExtrovert', 'ks91qz']","['giexaa0', 'Ethical_John', 'giex68u']","['gif2u26', 'Ethical_John', 'giexfia']",,,,,,,,,,,,,,,,,,,,,,,,,,,,,,,,,,,,,,,,,,,,,,,,,,,,,,,,,,,,,,,,,,,,,,,,,,,,,,,,,,,,,,,,,,,,
27,"['ks8swl', 'BoffyyYT']",,,,,,,,,,,,,,,,,,,,,,,,,,,,,,,,,,,,,,,,,,,,,,,,,,,,,,,,,,,,,,,,,,,,,,,,,,,,,,,,,,,,,,,,,,,,,,,,
28,"['ks7h6z', 'FrostCA11']","['gifhgi2', 'Hawkvand', 'ks7h6z']",,,,,,,,,,,,,,,,,,,,,,,,,,,,,,,,,,,,,,,,,,,,,,,,,,,,,,,,,,,,,,,,,,,,,,,,,,,,,,,,,,,,,,,,,,,,,,,
29,"['ks747i', 'Ap0llMan111']","['gifk2wg', 'HuoXue', 'ks747i']","['gieohpe', 'Ethical_John', 'ks747i']","['gifjl24', 'None', 'ks747i']","['gihskd1', 'EphratahNothing', 'ks747i']","['gixb7fp', 'EmuEmolga', 'ks747i']","['gigxown', 'Ap0llMan111', 'gifk2wg']","['gif74li', 'Ap0llMan111', 'gieohpe']","['gigxs66', 'Ap0llMan111', 'gifjl24']","['gihvms8', 'Ap0llMan111', 'gihskd1']","['gixr0se', 'Ap0llMan111', 'gixb7fp']",,,,,,,,,,,,,,,,,,,,,,,,,,,,,,,,,,,,,,,,,,,,,,,,,,,,,,,,,,,,,,,,,,,,,,,,,,,,,,,,,,,,,,
30,"['ks62e1', 'sumwhat18']",,,,,,,,,,,,,,,,,,,,,,,,,,,,,,,,,,,,,,,,,,,,,,,,,,,,,,,,,,,,,,,,,,,,,,,,,,,,,,,,,,,,,,,,,,,,,,,,
31,"['ks4uan', '[deleted]']",,,,,,,,,,,,,,,,,,,,,,,,,,,,,,,,,,,,,,,,,,,,,,,,,,,,,,,,,,,,,,,,,,,,,,,,,,,,,,,,,,,,,,,,,,,,,,,,
32,"['ks46oh', 'happydaysboy']","['giexdvl', 'Delouest', 'ks46oh']","['gidw1sr', 'ktzki', 'ks46oh']","['gidxyit', 'Tubbygoose', 'ks46oh']","['giljpou', 'PurpleFlame8', 'ks46oh']",,,,,,,,,,,,,,,,,,,,,,,,,,,,,,,,,,,,,,,,,,,,,,,,,,,,,,,,,,,,,,,,,,,,,,,,,,,,,,,,,,,,,,,,,,,,
33,"['ks2idv', 'mollai']","['gil1vgh', 'Carliebeans', 'ks2idv']","['gidxjs4', 'alfredoatmidnight', 'ks2idv']","['ginw8if', 'mollai', 'gil1vgh']","['gihoi9s', 'mollai', 'gidxjs4']",,,,,,,,,,,,,,,,,,,,,,,,,,,,,,,,,,,,,,,,,,,,,,,,,,,,,,,,,,,,,,,,,,,,,,,,,,,,,,,,,,,,,,,,,,,,
34,"['ks1zf4', 'get-skibidid']","['gidllh8', 'kippy236', 'ks1zf4']",,,,,,,,,,,,,,,,,,,,,,,,,,,,,,,,,,,,,,,,,,,,,,,,,,,,,,,,,,,,,,,,,,,,,,,,,,,,,,,,,,,,,,,,,,,,,,,
35,"['ks06x7', 'Creative_Gas_2344']",,,,,,,,,,,,,,,,,,,,,,,,,,,,,,,,,,,,,,,,,,,,,,,,,,,,,,,,,,,,,,,,,,,,,,,,,,,,,,,,,,,,,,,,,,,,,,,,
36,"['krzsyy', 'captainahab52']","['gidnli2', 'mollai', 'krzsyy']",,,,,,,,,,,,,,,,,,,,,,,,,,,,,,,,,,,,,,,,,,,,,,,,,,,,,,,,,,,,,,,,,,,,,,,,,,,,,,,,,,,,,,,,,,,,,,,
37,"['krzopb', 'freddy_xh']","['gik76kt', 'GiannaDochas', 'krzopb']","['gitztm9', 'Lisagreyhound', 'krzopb']",,,,,,,,,,,,,,,,,,,,,,,,,,,,,,,,,,,,,,,,,,,,,,,,,,,,,,,,,,,,,,,,,,,,,,,,,,,,,,,,,,,,,,,,,,,,,,
38,"['krz4ph', 'today7047']","['gid87pv', 'EphratahNothing', 'krz4ph']","['gideru1', 'mrsDasStahlBierhaus', 'krz4ph']","['gid88lc', 'katehberg', 'krz4ph']","['gidr5tt', 'Strong-Succotash-830', 'krz4ph']","['giedhq0', 'Oran0s', 'krz4ph']","['gif11mf', 'MorriWolf', 'krz4ph']","['gitzfcz', 'Lisagreyhound', 'krz4ph']","['gicwz40', 'moodle445', 'krz4ph']","['gif20bc', 'None', 'krz4ph']","['givkqee', 'today7047', 'gid88lc']","['givkvyk', 'today7047', 'gidr5tt']","['givkkpo', 'today7047', 'gif11mf']","['givkj3a', 'today7047', 'gitzfcz']","['gixama1', 'Strong-Succotash-830', 'givkvyk']","['givr1uh', 'MorriWolf', 'givkkpo']","['giy6alr', 'Lisagreyhound', 'givkj3a']",,,,,,,,,,,,,,,,,,,,,,,,,,,,,,,,,,,,,,,,,,,,,,,,,,,,,,,,,,,,,,,,,,,,,,,,,,,,,,,,
39,"['krykgp', 'Melodic_Machine_9818']","['gics3tv', 'tereskan', 'krykgp']","['gif2due', 'None', 'krykgp']","['gifn9gu', 'Rathar3', 'krykgp']","['gigof6w', 'BackMeUpGirl', 'gics3tv']",,,,,,,,,,,,,,,,,,,,,,,,,,,,,,,,,,,,,,,,,,,,,,,,,,,,,,,,,,,,,,,,,,,,,,,,,,,,,,,,,,,,,,,,,,,,
40,"['krybt5', 'tasha3-3']","['gicsh34', 'PoopyMcDoodypants', 'krybt5']","['gidggyp', 'gailoves', 'krybt5']","['gitzyav', 'Lisagreyhound', 'krybt5']","['gidbdqy', 'tasha3-3', 'gicsh34']",,,,,,,,,,,,,,,,,,,,,,,,,,,,,,,,,,,,,,,,,,,,,,,,,,,,,,,,,,,,,,,,,,,,,,,,,,,,,,,,,,,,,,,,,,,,
41,"['krwrk3', 'spydude88']","['gid1dwx', 'annejosette', 'krwrk3']","['gid6ja9', 'None', 'krwrk3']","['gid1ury', 'SwibenHiben', 'krwrk3']","['giczht5', 'BitchyDitchWitch', 'krwrk3']","['gidn973', '58Hophead', 'krwrk3']","['gick9f4', 'Melodic_Machine_9818', 'krwrk3']","['gicytml', 'amylk346', 'krwrk3']","['gid0p38', 'betbuzzy26', 'krwrk3']","['gidtiqy', 'EineKline', 'krwrk3']","['gidasyb', 'littlesmitty095', 'krwrk3']","['gidbi5d', 'Galdin311', 'krwrk3']","['giduwmf', 'Nyxxie_Moon', 'krwrk3']","['gie12fr', 'meisen99', 'krwrk3']","['gieod99', 'annika-09', 'krwrk3']","['gih7js3', 'SickNTired710', 'krwrk3']","['gid5qz4', 'Traditional_Listen97', 'krwrk3']","['gie7kdz', 'yesitsyourmom', 'krwrk3']","['gievu11', 'Chi847', 'krwrk3']","['gif0b1y', 'Swaghetti-Yolonaise-', 'krwrk3']","['gif977q', 'cryrabanks', 'krwrk3']","['gifzx79', 'Acidsparx', 'krwrk3']","['gigntcu', 'Remington7', 'krwrk3']","['gievwqh', 'redditBlueSpecs', 'krwrk3']","['gidsdkq', 'EineKline', 'gid1dwx']","['gie5wka', 'PlunderingThoughts', 'gid1dwx']","['gidtxd5', 'EineKline', 'gid6ja9']","['gifcfhf', 'slothcheese', 'gid1ury']","['gidxqcv', 'Asparagussie', 'giczht5']","['gim7tav', 'fc967', 'gidn973']","['gieftxa', 'BlueyBird', 'gidtiqy']",,,,,,,,,,,,,,,,,,,,,,,,,,,,,,,,,,,,,,,,,,,,,,,,,,,,,,,,,,,,,,,,,,
42,"['kruunr', 'BPDIE']","['gic2zgp', 'flxstr', 'kruunr']","['gicpzf2', 'metastatic_mindy', 'kruunr']","['gic43dn', 'truealimthah', 'kruunr']","['giccr88', 'schoobydoo42', 'kruunr']","['gie75vt', 'luddybuddy2', 'kruunr']","['gictekb', 'cancerkidette', 'kruunr']","['gieif1y', 'TheSaiguy', 'gicpzf2']","['gigml9u', 'BPDIE', 'gicpzf2']","['gic4twi', 'BPDIE', 'gic43dn']","['gih3gbi', 'metastatic_mindy', 'gigml9u']","['gic5nkt', 'truealimthah', 'gic4twi']","['gikecww', 'BPDIE', 'gih3gbi']",,,,,,,,,,,,,,,,,,,,,,,,,,,,,,,,,,,,,,,,,,,,,,,,,,,,,,,,,,,,,,,,,,,,,,,,,,,,,,,,,,,,
43,"['krub59', 'ndhduxb']",,,,,,,,,,,,,,,,,,,,,,,,,,,,,,,,,,,,,,,,,,,,,,,,,,,,,,,,,,,,,,,,,,,,,,,,,,,,,,,,,,,,,,,,,,,,,,,,
44,"['kru6je', 'HandFantastic6847']","['gidhulo', 'ZackMorriss', 'kru6je']","['gicmbto', 'PoopyMcDoodypants', 'kru6je']","['gidhvmt', 'gailoves', 'kru6je']","['gih2768', 'gailoves', 'kru6je']","['gjqy18x', 'HandFantastic6847', 'kru6je']","['gie2po3', 'SlickNicCA', 'gidhulo']","['gif40bu', 'HandFantastic6847', 'gidhulo']","['gif7ayh', 'HandFantastic6847', 'gicmbto']","['gif79bg', 'HandFantastic6847', 'gidhvmt']","['gij620k', 'HandFantastic6847', 'gih2768']","['gif731t', 'HandFantastic6847', 'gie2po3']","['gifgraq', 'ZackMorriss', 'gif40bu']","['gij68j6', 'HandFantastic6847', 'gifgraq']","['gjqz548', 'HandFantastic6847', 'gifgraq']","['gjsfe20', 'ZackMorriss', 'gjqz548']","['gjt5pqk', 'HandFantastic6847', 'gjsfe20']",,,,,,,,,,,,,,,,,,,,,,,,,,,,,,,,,,,,,,,,,,,,,,,,,,,,,,,,,,,,,,,,,,,,,,,,,,,,,,,,
45,"['krtsg6', '[deleted]']",,,,,,,,,,,,,,,,,,,,,,,,,,,,,,,,,,,,,,,,,,,,,,,,,,,,,,,,,,,,,,,,,,,,,,,,,,,,,,,,,,,,,,,,,,,,,,,,
46,"['krsfgj', 'elonmusksbiggestfan']","['gico0d9', 'staticraged22', 'krsfgj']",,,,,,,,,,,,,,,,,,,,,,,,,,,,,,,,,,,,,,,,,,,,,,,,,,,,,,,,,,,,,,,,,,,,,,,,,,,,,,,,,,,,,,,,,,,,,,,
47,"['krrph2', 'manishkris']","['gibrula', 'haventmetyou', 'krrph2']","['gif2woz', 'None', 'krrph2']","['gielgbq', 'manishkris', 'gibrula']",,,,,,,,,,,,,,,,,,,,,,,,,,,,,,,,,,,,,,,,,,,,,,,,,,,,,,,,,,,,,,,,,,,,,,,,,,,,,,,,,,,,,,,,,,,,,
48,"['krrlnv', 'GigiDoll16']","['gibpan2', 'timetreader', 'krrlnv']","['gibx297', 'the_lindor_xperience', 'krrlnv']","['gic5fei', 'Squirrelhenge', 'krrlnv']","['gibqsf9', 'GigiDoll16', 'gibpan2']","['gicciw0', 'GigiDoll16', 'gibx297']","['gicmbgr', 'limestone_bones', 'gibx297']","['gicws6n', '131i', 'gibqsf9']","['gibsnr4', 'G-42', 'gibqsf9']","['gicq3m4', 'the_lindor_xperience', 'gicmbgr']",,,,,,,,,,,,,,,,,,,,,,,,,,,,,,,,,,,,,,,,,,,,,,,,,,,,,,,,,,,,,,,,,,,,,,,,,,,,,,,,,,,,,,,
49,"['krq15v', 'BigDude57']",,,,,,,,,,,,,,,,,,,,,,,,,,,,,,,,,,,,,,,,,,,,,,,,,,,,,,,,,,,,,,,,,,,,,,,,,,,,,,,,,,,,,,,,,,,,,,,,
50,"['krp51j', 'lonewolf2054']",,,,,,,,,,,,,,,,,,,,,,,,,,,,,,,,,,,,,,,,,,,,,,,,,,,,,,,,,,,,,,,,,,,,,,,,,,,,,,,,,,,,,,,,,,,,,,,,
51,"['kroql9', 'lymphonabanana']",,,,,,,,,,,,,,,,,,,,,,,,,,,,,,,,,,,,,,,,,,,,,,,,,,,,,,,,,,,,,,,,,,,,,,,,,,,,,,,,,,,,,,,,,,,,,,,,
52,"['krlzkx', 'tmelies']","['giaoypa', 'Delouest', 'krlzkx']","['gialj44', 'gailoves', 'krlzkx']","['giamzxv', 'moodle445', 'krlzkx']",,,,,,,,,,,,,,,,,,,,,,,,,,,,,,,,,,,,,,,,,,,,,,,,,,,,,,,,,,,,,,,,,,,,,,,,,,,,,,,,,,,,,,,,,,,,,
53,"['krl85m', 'NewspaperSecure711']",,,,,,,,,,,,,,,,,,,,,,,,,,,,,,,,,,,,,,,,,,,,,,,,,,,,,,,,,,,,,,,,,,,,,,,,,,,,,,,,,,,,,,,,,,,,,,,,
54,"['krk2bm', 'Miowth']","['giagh8i', 'PoopyMcDoodypants', 'krk2bm']","['giaqkib', 'Impressive_Course_44', 'krk2bm']","['giaxfac', 'SlickNicCA', 'krk2bm']","['gib8rxn', 'None', 'krk2bm']","['gianzdt', 'Miowth', 'giagh8i']",,,,,,,,,,,,,,,,,,,,,,,,,,,,,,,,,,,,,,,,,,,,,,,,,,,,,,,,,,,,,,,,,,,,,,,,,,,,,,,,,,,,,,,,,,,
55,"['krjztn', 'mollai']",,,,,,,,,,,,,,,,,,,,,,,,,,,,,,,,,,,,,,,,,,,,,,,,,,,,,,,,,,,,,,,,,,,,,,,,,,,,,,,,,,,,,,,,,,,,,,,,
56,"['kri7pi', 'nicnicnic25']","['giajx8r', 'Lisagreyhound', 'kri7pi']","['giazkie', 'matty6483', 'kri7pi']","['gic2s9h', 'boceladais', 'kri7pi']","['giaarr9', 'None', 'kri7pi']","['gib90po', 'dayglo98', 'kri7pi']","['gibad4y', 'denissearci', 'kri7pi']","['gibhe79', 'la_femme_vikita', 'kri7pi']","['gibnhmz', 'Rathar3', 'kri7pi']","['gibudsi', 'SciurusVulgarisO', 'kri7pi']","['gichpoq', 'threebonskatzen', 'kri7pi']","['giaqlex', 'caitlineljo', 'kri7pi']","['gicm07l', 'lindamay6838', 'kri7pi']","['gid240a', 'KokomoDreams', 'kri7pi']","['giiunwq', 'anmsea', 'kri7pi']","['giam7r3', 'nicnicnic25', 'giajx8r']","['gibmzru', 'emdog927', 'giajx8r']","['gib24zt', 'nicnicnic25', 'giazkie']","['gibrg99', 'ds13l4', 'giaarr9']","['gig5wv5', 'nicnicnic25', 'gib90po']","['gig5zvk', 'nicnicnic25', 'gibad4y']","['gig69wa', 'nicnicnic25', 'gibhe79']","['gig7lzp', 'nicnicnic25', 'gibnhmz']","['gig95dg', 'nicnicnic25', 'gibudsi']","['gig9ejl', 'nicnicnic25', 'gichpoq']","['gib1iu5', 'nicnicnic25', 'giaqlex']","['gig9fv4', 'nicnicnic25', 'gicm07l']","['gig9val', 'nicnicnic25', 'gid240a']","['giiztss', 'nicnicnic25', 'giiunwq']","['gigd76o', 'la_femme_vikita', 'gig69wa']","['gilljru', 'anmsea', 'giiztss']",,,,,,,,,,,,,,,,,,,,,,,,,,,,,,,,,,,,,,,,,,,,,,,,,,,,,,,,,,,,,,,,,,
57,"['krhbcy', 'ronnielup']","['giaqrf8', 'Impressive_Course_44', 'krhbcy']","['gicj6tx', 'pessimisticbirdd', 'krhbcy']","['giak4w1', 'Lisagreyhound', 'krhbcy']",,,,,,,,,,,,,,,,,,,,,,,,,,,,,,,,,,,,,,,,,,,,,,,,,,,,,,,,,,,,,,,,,,,,,,,,,,,,,,,,,,,,,,,,,,,,,
58,"['krgfm0', 'xdeimosianx']","['gif3fuw', 'None', 'krgfm0']","['giwqga2', 'xdeimosianx', 'gif3fuw']",,,,,,,,,,,,,,,,,,,,,,,,,,,,,,,,,,,,,,,,,,,,,,,,,,,,,,,,,,,,,,,,,,,,,,,,,,,,,,,,,,,,,,,,,,,,,,
59,"['krf0fe', 'primo808']",,,,,,,,,,,,,,,,,,,,,,,,,,,,,,,,,,,,,,,,,,,,,,,,,,,,,,,,,,,,,,,,,,,,,,,,,,,,,,,,,,,,,,,,,,,,,,,,
60,"['kreh4n', 'Clphurry']","['gisbeer', 'Clphurry', 'kreh4n']","['gs0aeis', 'BarriBlue', 'kreh4n']","['gs0aff2', 'Shakespeare-Bot', 'gs0aeis']",,,,,,,,,,,,,,,,,,,,,,,,,,,,,,,,,,,,,,,,,,,,,,,,,,,,,,,,,,,,,,,,,,,,,,,,,,,,,,,,,,,,,,,,,,,,,
61,"['kree12', 'AsianNewsBoy']",,,,,,,,,,,,,,,,,,,,,,,,,,,,,,,,,,,,,,,,,,,,,,,,,,,,,,,,,,,,,,,,,,,,,,,,,,,,,,,,,,,,,,,,,,,,,,,,
62,"['krdn2q', 'SlickNicCA']","['gi9qmuz', 'nevermindmylife', 'krdn2q']","['gi9fddi', 'caitlineljo', 'krdn2q']","['gi9wdsp', 'Rathar3', 'krdn2q']","['gi9o36l', 'heart_RN115', 'krdn2q']","['gi9s993', 'SlickNicCA', 'gi9qmuz']","['giawunv', 'SlickNicCA', 'gi9wdsp']","['gikrc85', 'Shitdickandpiss', 'gi9wdsp']","['gi9uj0u', 'nevermindmylife', 'gi9s993']",,,,,,,,,,,,,,,,,,,,,,,,,,,,,,,,,,,,,,,,,,,,,,,,,,,,,,,,,,,,,,,,,,,,,,,,,,,,,,,,,,,,,,,,
63,"['krcxpx', 'lymphonabanana']",,,,,,,,,,,,,,,,,,,,,,,,,,,,,,,,,,,,,,,,,,,,,,,,,,,,,,,,,,,,,,,,,,,,,,,,,,,,,,,,,,,,,,,,,,,,,,,,
64,"['krcbfi', 'marielljyr']","['gjwcldy', 'Foreveryoung0114', 'krcbfi']",,,,,,,,,,,,,,,,,,,,,,,,,,,,,,,,,,,,,,,,,,,,,,,,,,,,,,,,,,,,,,,,,,,,,,,,,,,,,,,,,,,,,,,,,,,,,,,
65,"['kraytt', 'ch6el6sn6ic']","['giaw4hv', 'prarpin', 'kraytt']","['gibbraq', 'ch6el6sn6ic', 'giaw4hv']",,,,,,,,,,,,,,,,,,,,,,,,,,,,,,,,,,,,,,,,,,,,,,,,,,,,,,,,,,,,,,,,,,,,,,,,,,,,,,,,,,,,,,,,,,,,,,
66,"['krabf8', 'TyroneShoelaces69']","['gi8zd86', 'repairedscarab', 'krabf8']","['gi8rwsq', 'Egoy', 'krabf8']","['gi9ezhh', 'Impressive_Course_44', 'krabf8']","['gi9ul14', 'linusloveslucy', 'krabf8']","['giaa0hg', 'stavel', 'krabf8']","['gkh2fmm', 'KriPtiK_YT', 'krabf8']","['gi97gbb', 'TyroneShoelaces69', 'gi8zd86']","['gkh2i31', 'KriPtiK_YT', 'gi8zd86']","['gi8u5dz', 'TyroneShoelaces69', 'gi8rwsq']","['gi8tbr6', 'G-42', 'gi8rwsq']","['giapzwt', 'TyroneShoelaces69', 'gi9ul14']","['giapweq', 'TyroneShoelaces69', 'giaa0hg']","['gkh3kwg', 'TyroneShoelaces69', 'gkh2fmm']","['gi8wj3c', 'Egoy', 'gi8u5dz']","['gi8voli', 'Egoy', 'gi8tbr6']","['gi8wiwv', 'G-42', 'gi8voli']",,,,,,,,,,,,,,,,,,,,,,,,,,,,,,,,,,,,,,,,,,,,,,,,,,,,,,,,,,,,,,,,,,,,,,,,,,,,,,,,
67,"['kra2wk', 'candz_']","['gi8l31v', 'schoobydoo42', 'kra2wk']","['gi8loc0', 'None', 'gi8l31v']","['gi8oz0c', 'schoobydoo42', 'gi8loc0']","['gi8rjzs', 'None', 'gi8oz0c']",,,,,,,,,,,,,,,,,,,,,,,,,,,,,,,,,,,,,,,,,,,,,,,,,,,,,,,,,,,,,,,,,,,,,,,,,,,,,,,,,,,,,,,,,,,,
68,"['kra0c1', 'Jazzlike_Car_5022']","['gi8j5xi', 'Jazzlike_Car_5022', 'kra0c1']","['gi8leom', 'TyroneShoelaces69', 'kra0c1']","['gi8rfua', 'gordo0620', 'kra0c1']","['giiz10d', 'Jupitermedical', 'kra0c1']",,,,,,,,,,,,,,,,,,,,,,,,,,,,,,,,,,,,,,,,,,,,,,,,,,,,,,,,,,,,,,,,,,,,,,,,,,,,,,,,,,,,,,,,,,,,
69,"['kr9776', 'brokecollegekid69']",,,,,,,,,,,,,,,,,,,,,,,,,,,,,,,,,,,,,,,,,,,,,,,,,,,,,,,,,,,,,,,,,,,,,,,,,,,,,,,,,,,,,,,,,,,,,,,,
70,"['kr8vvv', 'APugDealer']",,,,,,,,,,,,,,,,,,,,,,,,,,,,,,,,,,,,,,,,,,,,,,,,,,,,,,,,,,,,,,,,,,,,,,,,,,,,,,,,,,,,,,,,,,,,,,,,
71,"['kr5hx9', '-nws-']",,,,,,,,,,,,,,,,,,,,,,,,,,,,,,,,,,,,,,,,,,,,,,,,,,,,,,,,,,,,,,,,,,,,,,,,,,,,,,,,,,,,,,,,,,,,,,,,
72,"['kr5dr3', 'newswise1']",,,,,,,,,,,,,,,,,,,,,,,,,,,,,,,,,,,,,,,,,,,,,,,,,,,,,,,,,,,,,,,,,,,,,,,,,,,,,,,,,,,,,,,,,,,,,,,,
73,"['kr4weo', 'Areefa-Junaid1999']",,,,,,,,,,,,,,,,,,,,,,,,,,,,,,,,,,,,,,,,,,,,,,,,,,,,,,,,,,,,,,,,,,,,,,,,,,,,,,,,,,,,,,,,,,,,,,,,
74,"['kr0kl0', 'nothximjustbrowsin']",,,,,,,,,,,,,,,,,,,,,,,,,,,,,,,,,,,,,,,,,,,,,,,,,,,,,,,,,,,,,,,,,,,,,,,,,,,,,,,,,,,,,,,,,,,,,,,,
75,"['kr04kg', 'Life-is-very-hard']","['gi8l5vi', 'Seratio', 'kr04kg']","['gi6qcoh', 'Melodic_Machine_9818', 'kr04kg']","['gi6v02z', 'bunnyQatar', 'kr04kg']","['gi6wdpf', 'Egoy', 'kr04kg']","['gi73low', 'None', 'kr04kg']",,,,,,,,,,,,,,,,,,,,,,,,,,,,,,,,,,,,,,,,,,,,,,,,,,,,,,,,,,,,,,,,,,,,,,,,,,,,,,,,,,,,,,,,,,,
76,"['kqz0te', 'RajpootRao']",,,,,,,,,,,,,,,,,,,,,,,,,,,,,,,,,,,,,,,,,,,,,,,,,,,,,,,,,,,,,,,,,,,,,,,,,,,,,,,,,,,,,,,,,,,,,,,,
77,"['kqyk2u', 'dale817']","['gi6g07p', 'Egoy', 'kqyk2u']","['gi6nhdt', 'None', 'kqyk2u']","['gi6ubka', 'Jocelynp', 'kqyk2u']","['gi6uvzc', 'katehberg', 'kqyk2u']","['gi6xebf', 'codecowboy', 'kqyk2u']","['gi6w42m', 'UncookedSoup', 'kqyk2u']","['gi71oj1', 'caitlineljo', 'kqyk2u']","['gi86c1v', 'None', 'kqyk2u']","['gi7ccvr', 'beigs', 'kqyk2u']","['gi6og39', 'BrownLabJen', 'kqyk2u']","['gi6ooji', 'MadamNerd', 'kqyk2u']","['gi84at0', 'AnnieB82', 'kqyk2u']","['gi705i0', 'Kemyst', 'kqyk2u']","['gi73k0d', 'purplechai', 'kqyk2u']","['gi75r0w', 'Kehaydon', 'kqyk2u']","['gi7bupz', 'wolingfeng', 'kqyk2u']","['gi7f35b', 'OneMorePenguin', 'kqyk2u']","['gi7lmpf', 'SoakieJohnson', 'kqyk2u']","['gi7mxlw', 'Apprehensive_Golf972', 'kqyk2u']","['gi7qoa7', 'HellenBack292', 'kqyk2u']","['gi7zugh', 'medicwhat', 'kqyk2u']","['gi8675b', 'peanutbutter_meow', 'kqyk2u']","['gi86z5s', 'Ulven53', 'kqyk2u']","['gi6scu6', 'GlampingNotCamping', 'kqyk2u']","['gi6xhhx', '105386', 'kqyk2u']","['gi8blg2', 'noworriestoday', 'kqyk2u']","['gi8d74o', 'brokecollegekid69', 'kqyk2u']","['gi8e6xg', 'fc967', 'kqyk2u']","['gi8nelx', 'Olliebkl', 'kqyk2u']","['gi9asi8', 'toshapierce', 'kqyk2u']","['gi9bv9h', 'bettathenu1', 'kqyk2u']","['gi6nlu1', 'Galdin311', 'kqyk2u']","['gi6uwyk', 'slumlord', 'kqyk2u']","['gi6vyp8', 'notmissingone', 'kqyk2u']","['gi8vdg1', 'EphratahNothing', 'kqyk2u']","['gi90a8p', 'ParishOfOrleans', 'kqyk2u']","['gi91uu9', 'doomthreader', 'kqyk2u']","['gi9i15f', 'meisen99', 'kqyk2u']","['gi9k4kd', 'wmjhawker', 'kqyk2u']","['gi9o5qa', 'mojomojomojo50', 'kqyk2u']","['gia6op5', 'eeeabr', 'kqyk2u']","['gibm6cu', 'fancylady007', 'kqyk2u']","['gjqvk5i', 'Bam3264', 'kqyk2u']","['giacsev', 'sloppysyl', 'kqyk2u']","['gibcmyz', 'CancerCareNews', 'kqyk2u']","['gmqso0u', 'Aside-Additional', 'kqyk2u']","['gibkevj', 'dale817', 'gi6g07p']","['gibkgbg', 'dale817', 'gi6nhdt']","['gibkhvt', 'dale817', 'gi6ubka']","['gibkjpl', 'dale817', 'gi6uvzc']","['gibl0cl', 'dale817', 'gi6xebf']","['gibl25k', 'dale817', 'gi6w42m']","['gibl3j2', 'dale817', 'gi71oj1']","['gibl52s', 'dale817', 'gi86c1v']","['gibl6a5', 'dale817', 'gi7ccvr']","['gibl7jm', 'dale817', 'gi6og39']","['gibl8az', 'dale817', 'gi6ooji']","['gibl906', 'dale817', 'gi84at0']","['giblakm', 'dale817', 'gi705i0']","['gidzmkn', 'Kemyst', 'gi705i0']","['giblbgp', 'dale817', 'gi73k0d']","['gibld25', 'dale817', 'gi75r0w']","['gibldxf', 'dale817', 'gi7bupz']","['giblesm', 'dale817', 'gi7f35b']","['giblfl1', 'dale817', 'gi7lmpf']","['giblg81', 'dale817', 'gi7mxlw']","['giblihl', 'dale817', 'gi7qoa7']","['gibljow', 'dale817', 'gi7zugh']","['giblka8', 'dale817', 'gi8675b']","['giblkyt', 'dale817', 'gi86z5s']","['giblluh', 'dale817', 'gi6scu6']","['gibln5r', 'dale817', 'gi6xhhx']","['giblnv5', 'dale817', 'gi8blg2']","['giblor1', 'dale817', 'gi8d74o']","['giblq3d', 'dale817', 'gi8e6xg']","['giblrsd', 'dale817', 'gi8nelx']","['giblvve', 'dale817', 'gi9asi8']","['gibm1pb', 'dale817', 'gi9bv9h']","['giblsk9', 'dale817', 'gi6nlu1']","['gibltog', 'dale817', 'gi6uwyk']","['giblunz', 'dale817', 'gi6vyp8']","['gibm2v1', 'dale817', 'gi8vdg1']","['gibm3mm', 'dale817', 'gi90a8p']","['gibmcy3', 'dale817', 'gi91uu9']","['gibmdzr', 'dale817', 'gi9i15f']","['gibmexw', 'dale817', 'gi9k4kd']","['gibmfnr', 'dale817', 'gi9o5qa']","['gibmh2t', 'dale817', 'gia6op5']","['gieb1jv', 'eeeabr', 'gia6op5']","['gibmmth', 'dale817', 'gibm6cu']","['gjrvu56', 'dale817', 'gjqvk5i']","['gibmhum', 'dale817', 'giacsev']","['gibmidw', 'dale817', 'gibcmyz']","['gibq4bd', 'Jocelynp', 'gibkhvt']","['gict1yl', 'peanutbutter_meow', 'giblka8']","['gieb2ah', 'eeeabr', 'gibmh2t']"
78,"['kqx6rx', 'helpme848448']","['gi6f2ax', 'hxcadam', 'kqx6rx']","['gi6j9er', 'Squirrelhenge', 'kqx6rx']","['gi733se', 'schoobydoo42', 'kqx6rx']","['gi7cgzx', 'blandarchy', 'kqx6rx']","['gif1a8z', 'helpme848448', 'gi733se']",,,,,,,,,,,,,,,,,,,,,,,,,,,,,,,,,,,,,,,,,,,,,,,,,,,,,,,,,,,,,,,,,,,,,,,,,,,,,,,,,,,,,,,,,,,
79,"['kqwkuk', 'JustAFellowUser']","['gi7geh5', 'la_femme_vikita', 'kqwkuk']",,,,,,,,,,,,,,,,,,,,,,,,,,,,,,,,,,,,,,,,,,,,,,,,,,,,,,,,,,,,,,,,,,,,,,,,,,,,,,,,,,,,,,,,,,,,,,,
80,"['kqspxv', 'FillRevolutionary885']","['gi5ogck', 'SoakieJohnson', 'kqspxv']","['gi66vi2', 'Dyalad', 'kqspxv']","['gi5ol2g', 'FillRevolutionary885', 'gi5ogck']","['gi5onsv', 'SoakieJohnson', 'gi5ol2g']","['gi5oou4', 'FillRevolutionary885', 'gi5onsv']","['gi5oqem', 'SoakieJohnson', 'gi5oou4']",,,,,,,,,,,,,,,,,,,,,,,,,,,,,,,,,,,,,,,,,,,,,,,,,,,,,,,,,,,,,,,,,,,,,,,,,,,,,,,,,,,,,,,,,,
81,"['kqsjcc', 'MsCoddiwomple']","['gi8ej2m', 'prarpin', 'kqsjcc']","['gi95wc2', 'MsCoddiwomple', 'gi8ej2m']",,,,,,,,,,,,,,,,,,,,,,,,,,,,,,,,,,,,,,,,,,,,,,,,,,,,,,,,,,,,,,,,,,,,,,,,,,,,,,,,,,,,,,,,,,,,,,
82,"['kqs8dv', 'Shinnicakes']","['gi67ez7', 'Dyalad', 'kqs8dv']","['gi680a0', 'Lisagreyhound', 'kqs8dv']","['gi9ruq5', 'Shinnicakes', 'gi67ez7']","['gi9s4kk', 'Shinnicakes', 'gi680a0']","['giajlju', 'Lisagreyhound', 'gi9s4kk']",,,,,,,,,,,,,,,,,,,,,,,,,,,,,,,,,,,,,,,,,,,,,,,,,,,,,,,,,,,,,,,,,,,,,,,,,,,,,,,,,,,,,,,,,,,
83,"['kqrpl5', 'mjthroaway827']","['gi5kvir', 'Nardocota', 'kqrpl5']","['gi67mzq', 'Dyalad', 'kqrpl5']","['gi6zclb', 'notmissingone', 'kqrpl5']","['gi72q0s', 'schoobydoo42', 'kqrpl5']",,,,,,,,,,,,,,,,,,,,,,,,,,,,,,,,,,,,,,,,,,,,,,,,,,,,,,,,,,,,,,,,,,,,,,,,,,,,,,,,,,,,,,,,,,,,
84,"['kqqs2k', 'linusloveslucy']","['gi5f1f5', 'DaB0mb0', 'kqqs2k']","['gi5e3wo', 'El_refrito_bandito', 'kqqs2k']","['gi5pxg6', 'not_dorky', 'kqqs2k']","['gi6wupf', 'notmissingone', 'kqqs2k']","['gi5eqfo', 'coleec', 'kqqs2k']","['gi5fsrq', 'trippy_hedron89', 'kqqs2k']","['gi5ljmt', 'fuschia1', 'kqqs2k']","['gi5lkpr', 'RealNitemare', 'kqqs2k']","['gi5smee', 'lynnbbyxo', 'kqqs2k']","['gi67q8j', 'Dyalad', 'kqqs2k']","['gi6yjen', 'cedar71', 'kqqs2k']","['gi5m3um', 'eeeabr', 'kqqs2k']","['gi66b09', 'Hop-a-lung', 'kqqs2k']","['gi67d83', 'RaydelRay', 'kqqs2k']","['gi6ag6m', 'betbuzzy26', 'kqqs2k']","['gi6iozy', 'Pyrheart', 'kqqs2k']","['gi6s2mv', 'deathcat5', 'kqqs2k']","['gi7bay8', 'tereskan', 'kqqs2k']","['gi7bosm', 'drumsurf', 'kqqs2k']","['gi8if1d', 'PapiWahl2016', 'kqqs2k']","['gi94s4h', 'EphratahNothing', 'kqqs2k']","['gj2dus1', 'Egoy', 'kqqs2k']","['gi5t291', 'CrentistSchrute', 'gi5f1f5']","['gi7dta7', 'linusloveslucy', 'gi5f1f5']","['gi5ljvi', 'RealNitemare', 'gi5e3wo']","['gi7e5f7', 'linusloveslucy', 'gi5e3wo']","['gi7g9pe', 'linusloveslucy', 'gi5pxg6']","['gi7efe4', 'linusloveslucy', 'gi6wupf']","['gi7eiev', 'linusloveslucy', 'gi5eqfo']","['gi7ek8n', 'linusloveslucy', 'gi5fsrq']","['gi7em28', 'linusloveslucy', 'gi5ljmt']","['gi7eqg4', 'linusloveslucy', 'gi5lkpr']","['gi7gerv', 'linusloveslucy', 'gi5smee']","['gi7h7x6', 'linusloveslucy', 'gi67q8j']","['gi7f6gc', 'linusloveslucy', 'gi6yjen']","['gi7017r', 'threebonskatzen', 'gi6yjen']","['gi7fo3c', 'linusloveslucy', 'gi5m3um']","['gi7gfv4', 'linusloveslucy', 'gi66b09']","['gi7tigg', 'linusloveslucy', 'gi67d83']","['gi7h9qf', 'linusloveslucy', 'gi6ag6m']","['gi7hfwd', 'linusloveslucy', 'gi6iozy']","['gi6x7qq', 'notmissingone', 'gi6s2mv']","['gi7hug6', 'linusloveslucy', 'gi6s2mv']","['gi7hzre', 'linusloveslucy', 'gi7bay8']","['gi7jj81', 'linusloveslucy', 'gi7bosm']","['gi9qrlj', 'linusloveslucy', 'gi8if1d']","['gi9qw8t', 'linusloveslucy', 'gi94s4h']","['gj2hkgz', 'linusloveslucy', 'gj2dus1']","['gi7fmdy', 'linusloveslucy', 'gi7017r']","['gi8j7s8', 'eeeabr', 'gi7fo3c']","['gi6ylpx', 'deathcat5', 'gi6x7qq']",,,,,,,,,,,,,,,,,,,,,,,,,,,,,,,,,,,,,,,,,,,,,
85,"['kqqkh2', 'Hexadecimal3']",,,,,,,,,,,,,,,,,,,,,,,,,,,,,,,,,,,,,,,,,,,,,,,,,,,,,,,,,,,,,,,,,,,,,,,,,,,,,,,,,,,,,,,,,,,,,,,,
86,"['kqq8lk', 'randdidnothingwrong']",,,,,,,,,,,,,,,,,,,,,,,,,,,,,,,,,,,,,,,,,,,,,,,,,,,,,,,,,,,,,,,,,,,,,,,,,,,,,,,,,,,,,,,,,,,,,,,,
87,"['kqq4iy', 'Alex010415']","['gi65a6a', 'TeacupExtrovert', 'kqq4iy']",,,,,,,,,,,,,,,,,,,,,,,,,,,,,,,,,,,,,,,,,,,,,,,,,,,,,,,,,,,,,,,,,,,,,,,,,,,,,,,,,,,,,,,,,,,,,,,
88,"['kqo92l', 'caitlineljo']","['gi558jf', 'eh_Im_Not_Impressed', 'kqo92l']","['gi561ua', 'reh523', 'kqo92l']","['gi59p7w', 'Traditional_Listen97', 'kqo92l']","['gi5g7q8', 'Leopuppy2', 'kqo92l']","['gi5gacy', 'deviantflux', 'kqo92l']","['gi608y5', 'mudbloodead', 'kqo92l']","['gi695la', 'Profitbird4', 'kqo92l']","['gi6hyl8', 'moncho', 'kqo92l']","['gi5dkv7', 'dayglo98', 'kqo92l']","['gi5iq5h', 'meisen99', 'kqo92l']","['gi5tdai', 'kelam78', 'kqo92l']","['gi66sfo', 'Denimed', 'kqo92l']","['gi6vgfw', 'CoconutMacaron', 'kqo92l']","['gicijbg', 'emcdade3', 'kqo92l']","['gi5v6hp', 'HulioJohnson', 'kqo92l']","['gi6baxi', 'Wishiwasyoda', 'kqo92l']","['gi6cihk', 'EdmontonGal81', 'kqo92l']","['gi6ciq0', 'EdmontonGal81', 'kqo92l']","['gi97kke', 'EphratahNothing', 'kqo92l']","['gi5k7l5', 'LordSt4rki113r', 'kqo92l']","['gi5uvej', 'mep308', 'kqo92l']","['gi6actq', 'betbuzzy26', 'gi561ua']",,,,,,,,,,,,,,,,,,,,,,,,,,,,,,,,,,,,,,,,,,,,,,,,,,,,,,,,,,,,,,,,,,,,,,,,,,
89,"['kqo47l', 'Jenngotcakespdx']",,,,,,,,,,,,,,,,,,,,,,,,,,,,,,,,,,,,,,,,,,,,,,,,,,,,,,,,,,,,,,,,,,,,,,,,,,,,,,,,,,,,,,,,,,,,,,,,
90,"['kqo1ms', 'laplumedematante']",,,,,,,,,,,,,,,,,,,,,,,,,,,,,,,,,,,,,,,,,,,,,,,,,,,,,,,,,,,,,,,,,,,,,,,,,,,,,,,,,,,,,,,,,,,,,,,,
91,"['kqnxuv', 'CrentistSchrute']","['gi5sy80', 'CrentistSchrute', 'kqnxuv']","['gi51i2a', 'wildlightfilms', 'kqnxuv']","['gim2ysh', 'None', 'kqnxuv']","['gi5corg', 'CrentistSchrute', 'gi51i2a']","['gim36ri', 'CrentistSchrute', 'gim2ysh']",,,,,,,,,,,,,,,,,,,,,,,,,,,,,,,,,,,,,,,,,,,,,,,,,,,,,,,,,,,,,,,,,,,,,,,,,,,,,,,,,,,,,,,,,,,
92,"['kqmovu', 'ventilator12']","['gi4q1zy', 'ventilator12', 'kqmovu']",,,,,,,,,,,,,,,,,,,,,,,,,,,,,,,,,,,,,,,,,,,,,,,,,,,,,,,,,,,,,,,,,,,,,,,,,,,,,,,,,,,,,,,,,,,,,,,
93,"['kqmm8p', 'misspeaches-']",,,,,,,,,,,,,,,,,,,,,,,,,,,,,,,,,,,,,,,,,,,,,,,,,,,,,,,,,,,,,,,,,,,,,,,,,,,,,,,,,,,,,,,,,,,,,,,,
94,"['kqka22', 'Kaibeech12']",,,,,,,,,,,,,,,,,,,,,,,,,,,,,,,,,,,,,,,,,,,,,,,,,,,,,,,,,,,,,,,,,,,,,,,,,,,,,,,,,,,,,,,,,,,,,,,,
95,"['kqk2qm', 'VeterinarianMedium72']","['gi49jzt', 'moodle445', 'kqk2qm']","['gi4aea0', 'Oran0s', 'kqk2qm']","['gi4mrtp', 'thedancingwireless', 'kqk2qm']","['gi67jeg', 'Lisagreyhound', 'kqk2qm']","['h2s60jk', 'FocusPrincess', 'kqk2qm']","['gi4by4o', 'VeterinarianMedium72', 'gi49jzt']","['gi49lzi', 'moodle445', 'gi49jzt']","['gi4c3o6', 'VeterinarianMedium72', 'gi4aea0']","['gi6vvtp', 'VeterinarianMedium72', 'gi4mrtp']","['gi6vrwb', 'VeterinarianMedium72', 'gi67jeg']",,,,,,,,,,,,,,,,,,,,,,,,,,,,,,,,,,,,,,,,,,,,,,,,,,,,,,,,,,,,,,,,,,,,,,,,,,,,,,,,,,,,,,
96,"['kqk2nh', 'm0cch1i']",,,,,,,,,,,,,,,,,,,,,,,,,,,,,,,,,,,,,,,,,,,,,,,,,,,,,,,,,,,,,,,,,,,,,,,,,,,,,,,,,,,,,,,,,,,,,,,,
97,"['kqjy1k', 'Maxus646']",,,,,,,,,,,,,,,,,,,,,,,,,,,,,,,,,,,,,,,,,,,,,,,,,,,,,,,,,,,,,,,,,,,,,,,,,,,,,,,,,,,,,,,,,,,,,,,,
98,"['kqj5wn', 'GigiDoll16']","['gi4bekj', 'moodle445', 'kqj5wn']","['gi5c59w', 'digitalvagrant', 'kqj5wn']","['gi5mdnc', 'handofdumb', 'kqj5wn']","['gi67cu3', 'Lisagreyhound', 'kqj5wn']","['gi4n72m', 'vereelimee', 'kqj5wn']","['gi5gou8', 'renoahk', 'kqj5wn']","['gia0fgq', 'weezercat', 'kqj5wn']","['gi5cog3', 'alternativeanonacc', 'gi4bekj']","['gi6fiz5', 'tcnolan7', 'gi67cu3']","['gi5crwu', 'moodle445', 'gi5cog3']","['giajnnt', 'Lisagreyhound', 'gi6fiz5']","['gi5d0d9', 'alternativeanonacc', 'gi5crwu']",,,,,,,,,,,,,,,,,,,,,,,,,,,,,,,,,,,,,,,,,,,,,,,,,,,,,,,,,,,,,,,,,,,,,,,,,,,,,,,,,,,,
99,"['kqj3d3', 'fruithat123']","['gi4f4j4', 'liz_eliza', 'kqj3d3']","['gi4ipzg', 'schoobydoo42', 'kqj3d3']","['gi4wqvs', 'Astrofyzx', 'kqj3d3']",,,,,,,,,,,,,,,,,,,,,,,,,,,,,,,,,,,,,,,,,,,,,,,,,,,,,,,,,,,,,,,,,,,,,,,,,,,,,,,,,,,,,,,,,,,,,
100,"['kqixnu', 'timetospeakY']","['gi4gx3t', 'Lifeisstatic', 'kqixnu']","['gi4cf0x', 'Areil26', 'kqixnu']","['gi5f99y', 'twigg99', 'kqixnu']","['gi5jmtr', 'OneMorePenguin', 'kqixnu']","['gi7bsx4', 'drumsurf', 'kqixnu']","['gi8n3vx', 'PapiWahl2016', 'kqixnu']","['gi4o4mh', 'timetospeakY', 'gi4gx3t']",,,,,,,,,,,,,,,,,,,,,,,,,,,,,,,,,,,,,,,,,,,,,,,,,,,,,,,,,,,,,,,,,,,,,,,,,,,,,,,,,,,,,,,,,
101,"['kqi7it', 'm0cch1i']",,,,,,,,,,,,,,,,,,,,,,,,,,,,,,,,,,,,,,,,,,,,,,,,,,,,,,,,,,,,,,,,,,,,,,,,,,,,,,,,,,,,,,,,,,,,,,,,
102,"['kqgwem', 'tereskan']","['gi3som6', 'Melodic_Machine_9818', 'kqgwem']","['gi5cmd3', 'linusloveslucy', 'kqgwem']","['gi684kt', 'Lisagreyhound', 'kqgwem']","['gi79ujk', 'tereskan', 'gi3som6']",,,,,,,,,,,,,,,,,,,,,,,,,,,,,,,,,,,,,,,,,,,,,,,,,,,,,,,,,,,,,,,,,,,,,,,,,,,,,,,,,,,,,,,,,,,,
103,"['kqgczs', 'Throwedaway72']",,,,,,,,,,,,,,,,,,,,,,,,,,,,,,,,,,,,,,,,,,,,,,,,,,,,,,,,,,,,,,,,,,,,,,,,,,,,,,,,,,,,,,,,,,,,,,,,
104,"['kqg86a', 'Invisible-smoke']","['gi3zcxk', 'p7deletion', 'kqg86a']","['gi44u30', 'KatCorgan', 'kqg86a']","['gi4sn5o', 'cmmtay', 'kqg86a']","['gi5flwa', 'huffcat', 'kqg86a']","['gi40aic', 'brokecollegekid69', 'gi3zcxk']",,,,,,,,,,,,,,,,,,,,,,,,,,,,,,,,,,,,,,,,,,,,,,,,,,,,,,,,,,,,,,,,,,,,,,,,,,,,,,,,,,,,,,,,,,,
105,"['kqfge5', 'luke_135']","['gi3pyzl', 'Ursida3', 'kqfge5']","['gi3wq6y', 'None', 'kqfge5']","['gi42iko', 'PoopyMcDoodypants', 'kqfge5']","['gi42s1o', 'Seratio', 'kqfge5']","['gi4hbk9', 'Lifeisstatic', 'kqfge5']","['gi4k8hs', 'SlickNicCA', 'kqfge5']",,,,,,,,,,,,,,,,,,,,,,,,,,,,,,,,,,,,,,,,,,,,,,,,,,,,,,,,,,,,,,,,,,,,,,,,,,,,,,,,,,,,,,,,,,
106,"['kqf92e', 'kunicorndonkeybutt']","['gi43crb', 'TeacupExtrovert', 'kqf92e']",,,,,,,,,,,,,,,,,,,,,,,,,,,,,,,,,,,,,,,,,,,,,,,,,,,,,,,,,,,,,,,,,,,,,,,,,,,,,,,,,,,,,,,,,,,,,,,
107,"['kqf7oa', 'finding-nemo1']",,,,,,,,,,,,,,,,,,,,,,,,,,,,,,,,,,,,,,,,,,,,,,,,,,,,,,,,,,,,,,,,,,,,,,,,,,,,,,,,,,,,,,,,,,,,,,,,
108,"['kqe71s', 'lakenef']",,,,,,,,,,,,,,,,,,,,,,,,,,,,,,,,,,,,,,,,,,,,,,,,,,,,,,,,,,,,,,,,,,,,,,,,,,,,,,,,,,,,,,,,,,,,,,,,
109,"['kqcr74', 'TeachYouSomething']","['gi31gzn', 'Melodic_Machine_9818', 'kqcr74']","['gi33a97', 'TeachYouSomething', 'kqcr74']",,,,,,,,,,,,,,,,,,,,,,,,,,,,,,,,,,,,,,,,,,,,,,,,,,,,,,,,,,,,,,,,,,,,,,,,,,,,,,,,,,,,,,,,,,,,,,
110,"['kqbh01', 'smegmusprime']",,,,,,,,,,,,,,,,,,,,,,,,,,,,,,,,,,,,,,,,,,,,,,,,,,,,,,,,,,,,,,,,,,,,,,,,,,,,,,,,,,,,,,,,,,,,,,,,
111,"['kqbffc', 'honeybeary']",,,,,,,,,,,,,,,,,,,,,,,,,,,,,,,,,,,,,,,,,,,,,,,,,,,,,,,,,,,,,,,,,,,,,,,,,,,,,,,,,,,,,,,,,,,,,,,,
112,"['kqb6gq', 'UbiquitousCalm']",,,,,,,,,,,,,,,,,,,,,,,,,,,,,,,,,,,,,,,,,,,,,,,,,,,,,,,,,,,,,,,,,,,,,,,,,,,,,,,,,,,,,,,,,,,,,,,,
113,"['kqavv6', 'sneakingbyyahere']",,,,,,,,,,,,,,,,,,,,,,,,,,,,,,,,,,,,,,,,,,,,,,,,,,,,,,,,,,,,,,,,,,,,,,,,,,,,,,,,,,,,,,,,,,,,,,,,
114,"['kqaqij', 'honeybeary']",,,,,,,,,,,,,,,,,,,,,,,,,,,,,,,,,,,,,,,,,,,,,,,,,,,,,,,,,,,,,,,,,,,,,,,,,,,,,,,,,,,,,,,,,,,,,,,,
115,"['kqao2s', 'captain_craptain']",,,,,,,,,,,,,,,,,,,,,,,,,,,,,,,,,,,,,,,,,,,,,,,,,,,,,,,,,,,,,,,,,,,,,,,,,,,,,,,,,,,,,,,,,,,,,,,,
116,"['kqag9p', 'yooitsash2']","['gi4bz1x', 'moodle445', 'kqag9p']","['gi3n3wi', 'schoobydoo42', 'kqag9p']","['gi443v5', 'PoopyMcDoodypants', 'kqag9p']","['giriymh', 'Meimnot555', 'kqag9p']",,,,,,,,,,,,,,,,,,,,,,,,,,,,,,,,,,,,,,,,,,,,,,,,,,,,,,,,,,,,,,,,,,,,,,,,,,,,,,,,,,,,,,,,,,,,
117,"['kq9rjx', 'Eruiz33']","['gi33v5z', 'scrannyB', 'kq9rjx']","['gi3py2q', 'ThrowRAavocado', 'kq9rjx']","['gi353yo', 'nicnicnic25', 'kq9rjx']","['gi4dh69', 'None', 'kq9rjx']","['gi4ycxq', 'Eruiz33', 'kq9rjx']","['gi43yww', 'Eruiz33', 'gi353yo']","['gi47p57', 'nicnicnic25', 'gi43yww']",,,,,,,,,,,,,,,,,,,,,,,,,,,,,,,,,,,,,,,,,,,,,,,,,,,,,,,,,,,,,,,,,,,,,,,,,,,,,,,,,,,,,,,,,
118,"['kq8nh4', 'Ma5ster123']","['gi2ibha', 'elementalinda', 'kq8nh4']","['gi2zlxc', 'Melodic_Machine_9818', 'kq8nh4']","['gi4hp3e', 'Lifeisstatic', 'kq8nh4']","['gi68tw7', 'Lisagreyhound', 'kq8nh4']",,,,,,,,,,,,,,,,,,,,,,,,,,,,,,,,,,,,,,,,,,,,,,,,,,,,,,,,,,,,,,,,,,,,,,,,,,,,,,,,,,,,,,,,,,,,
119,"['kq79av', 'prodvctive']","['gi2ao4q', 'Delouest', 'kq79av']","['gi29sb4', 'luddybuddy2', 'kq79av']","['gi27tjh', 'None', 'kq79av']","['gi2lp91', 'f3ryth', 'kq79av']","['gi29vsl', 'MoonSugarGirl', 'kq79av']","['gi2axf9', 'CancerTalkFoundation', 'kq79av']","['gi2lhi1', 'madgerhound', 'kq79av']","['gi31jdo', 'pessimisticbirdd', 'kq79av']","['gi44z8u', 'Egoy', 'kq79av']","['gi3cj8c', 'schoobydoo42', 'kq79av']","['gi752ck', 'purplechai', 'kq79av']","['gmzdjme', 'isadorka', 'kq79av']","['gi2yv1w', 'prodvctive', 'gi2lp91']","['gi2zcre', 'ImTheGodOfAdvice', 'gi29vsl']","['gi2exxs', 'prodvctive', 'gi29vsl']","['gi2z8n9', 'prodvctive', 'gi2lhi1']",,,,,,,,,,,,,,,,,,,,,,,,,,,,,,,,,,,,,,,,,,,,,,,,,,,,,,,,,,,,,,,,,,,,,,,,,,,,,,,,
120,"['kq29af', 'Thedrimee']",,,,,,,,,,,,,,,,,,,,,,,,,,,,,,,,,,,,,,,,,,,,,,,,,,,,,,,,,,,,,,,,,,,,,,,,,,,,,,,,,,,,,,,,,,,,,,,,
121,"['kq1z4d', '-Miche11e-']","['gi1o3yz', 'SapphireEyes', 'kq1z4d']","['gi25tey', 'MyWayoftheNinja', 'kq1z4d']","['gi2do7j', 'Hop-a-lung', 'kq1z4d']","['gi2ljx7', 'JB_THE_QUEEF', 'kq1z4d']","['gi3dvry', 'threebonskatzen', 'kq1z4d']","['gi3gk7g', 'betbuzzy26', 'kq1z4d']","['gi97h8n', 'crimejunki', 'kq1z4d']","['gi1oplr', 'faintingoat', 'kq1z4d']","['gi3hi8c', '-Miche11e-', 'gi1o3yz']","['gi3hf4w', '-Miche11e-', 'gi25tey']","['gi3hjbr', '-Miche11e-', 'gi2do7j']","['gi3he10', '-Miche11e-', 'gi2ljx7']","['gi3h7z8', '-Miche11e-', 'gi3dvry']","['gi3h8x3', '-Miche11e-', 'gi3gk7g']","['gi9du5n', '-Miche11e-', 'gi97h8n']","['gi3h5iz', '-Miche11e-', 'gi1oplr']",,,,,,,,,,,,,,,,,,,,,,,,,,,,,,,,,,,,,,,,,,,,,,,,,,,,,,,,,,,,,,,,,,,,,,,,,,,,,,,,
122,"['kq03ab', 'BigcoqEnt420']","['gi1qrf2', 'montaukwhaler', 'kq03ab']","['gi2f94f', 'Impressive_Course_44', 'kq03ab']","['gi2okns', 'Seratio', 'kq03ab']","['gi21ha4', 'SciurusVulgarisO', 'kq03ab']",,,,,,,,,,,,,,,,,,,,,,,,,,,,,,,,,,,,,,,,,,,,,,,,,,,,,,,,,,,,,,,,,,,,,,,,,,,,,,,,,,,,,,,,,,,,
123,"['kpziot', 'SmartForARat']","['gi1ot73', 'None', 'kpziot']","['gi30chg', 'pessimisticbirdd', 'kpziot']","['glu15k2', 'icouldusea-hey-yo', 'kpziot']","['gi2a9rh', 'SmartForARat', 'gi1ot73']",,,,,,,,,,,,,,,,,,,,,,,,,,,,,,,,,,,,,,,,,,,,,,,,,,,,,,,,,,,,,,,,,,,,,,,,,,,,,,,,,,,,,,,,,,,,
124,"['kpwhnh', 'icingonthecaketoo']","['gipam9v', 'annieznyc', 'kpwhnh']",,,,,,,,,,,,,,,,,,,,,,,,,,,,,,,,,,,,,,,,,,,,,,,,,,,,,,,,,,,,,,,,,,,,,,,,,,,,,,,,,,,,,,,,,,,,,,,
125,"['kpvt0q', 'OPS63351']",,,,,,,,,,,,,,,,,,,,,,,,,,,,,,,,,,,,,,,,,,,,,,,,,,,,,,,,,,,,,,,,,,,,,,,,,,,,,,,,,,,,,,,,,,,,,,,,
126,"['kpvqbx', 'FalconSteve89']",,,,,,,,,,,,,,,,,,,,,,,,,,,,,,,,,,,,,,,,,,,,,,,,,,,,,,,,,,,,,,,,,,,,,,,,,,,,,,,,,,,,,,,,,,,,,,,,
127,"['kps4u5', 'Kwtop']",,,,,,,,,,,,,,,,,,,,,,,,,,,,,,,,,,,,,,,,,,,,,,,,,,,,,,,,,,,,,,,,,,,,,,,,,,,,,,,,,,,,,,,,,,,,,,,,
128,"['kpofkj', 'iekjgjejzbbd']",,,,,,,,,,,,,,,,,,,,,,,,,,,,,,,,,,,,,,,,,,,,,,,,,,,,,,,,,,,,,,,,,,,,,,,,,,,,,,,,,,,,,,,,,,,,,,,,
129,"['kpnz1b', 'josephwilkinson']",,,,,,,,,,,,,,,,,,,,,,,,,,,,,,,,,,,,,,,,,,,,,,,,,,,,,,,,,,,,,,,,,,,,,,,,,,,,,,,,,,,,,,,,,,,,,,,,
130,"['kpn8b8', 'Life-is-very-hard']","['ghyw12e', 'schoobydoo42', 'kpn8b8']","['ghyvfx7', 'ecm1413', 'kpn8b8']","['ghz02ab', 'Tacosysalsa', 'kpn8b8']","['ghzfr1m', 'stellamcmillan', 'kpn8b8']","['gi11xzn', 'pgc1000', 'kpn8b8']","['ghzdn9c', 'Barbwa', 'kpn8b8']","['gi0jhla', 'reh523', 'kpn8b8']","['ghz9bh6', 'Asparagussie', 'kpn8b8']","['ghzcdm8', 'Begoniac', 'kpn8b8']","['ghzqyqs', 'McPebbster', 'kpn8b8']","['gi0otg8', 'm4bwav', 'kpn8b8']","['gi0y6hk', 'ClaireWhisperingSad', 'kpn8b8']","['gi1etej', 'wasntme100', 'kpn8b8']","['gi1g8ho', 'bryanisback', 'kpn8b8']","['ghyrdgx', 'siodei', 'kpn8b8']","['gi487ef', 'None', 'gi11xzn']","['ghzps47', 'McPebbster', 'ghzdn9c']","['ghzylyj', 'Barbwa', 'ghzps47']",,,,,,,,,,,,,,,,,,,,,,,,,,,,,,,,,,,,,,,,,,,,,,,,,,,,,,,,,,,,,,,,,,,,,,,,,,,,,,
131,"['kpiyhx', 'taejskskks']","['ghxvexu', 'metastatic_mindy', 'kpiyhx']","['ghynslo', 'Dyalad', 'kpiyhx']","['ghy4zzx', 'None', 'kpiyhx']","['ghy5rer', 'taejskskks', 'ghxvexu']","['ghyq6ty', 'taejskskks', 'ghynslo']","['ghy5clk', 'taejskskks', 'ghy4zzx']","['ghycwva', 'None', 'ghy5rer']","['ghyh00s', 'metastatic_mindy', 'ghy5rer']","['ghz0t4i', 'None', 'ghy5clk']","['ghyfagz', 'taejskskks', 'ghycwva']","['ghyi38l', 'taejskskks', 'ghyh00s']","['ghz35yk', 'taejskskks', 'ghz0t4i']",,,,,,,,,,,,,,,,,,,,,,,,,,,,,,,,,,,,,,,,,,,,,,,,,,,,,,,,,,,,,,,,,,,,,,,,,,,,,,,,,,,,
132,"['kpiwn8', 'pickelmaster215']",,,,,,,,,,,,,,,,,,,,,,,,,,,,,,,,,,,,,,,,,,,,,,,,,,,,,,,,,,,,,,,,,,,,,,,,,,,,,,,,,,,,,,,,,,,,,,,,
133,"['kpgg3c', 'fikriaqna']",,,,,,,,,,,,,,,,,,,,,,,,,,,,,,,,,,,,,,,,,,,,,,,,,,,,,,,,,,,,,,,,,,,,,,,,,,,,,,,,,,,,,,,,,,,,,,,,
134,"['kpg628', 'sdharthvarma']",,,,,,,,,,,,,,,,,,,,,,,,,,,,,,,,,,,,,,,,,,,,,,,,,,,,,,,,,,,,,,,,,,,,,,,,,,,,,,,,,,,,,,,,,,,,,,,,
135,"['kpexj8', 'Melodic_Machine_9818']","['ghx3lnl', '-ohohohitsmagic-', 'kpexj8']","['ghyloau', 'bluegray6', 'kpexj8']","['ghyh5ix', 'Pyrheart', 'kpexj8']","['ghwqk9t', 'poopshute2u', 'kpexj8']","['ghy55of', 'None', 'kpexj8']","['ghxvhsd', 'scbejari', 'kpexj8']","['ghygaxm', 'G-42', 'ghy55of']",,,,,,,,,,,,,,,,,,,,,,,,,,,,,,,,,,,,,,,,,,,,,,,,,,,,,,,,,,,,,,,,,,,,,,,,,,,,,,,,,,,,,,,,,
136,"['kpdwld', 'Great_Powerful_Og']",,,,,,,,,,,,,,,,,,,,,,,,,,,,,,,,,,,,,,,,,,,,,,,,,,,,,,,,,,,,,,,,,,,,,,,,,,,,,,,,,,,,,,,,,,,,,,,,
137,"['kpdujs', 'ShabbyWasp']","['ghwmn70', 'meisen99', 'kpdujs']","['ghx6xlk', 'blitzmacht', 'kpdujs']","['ghz9yr2', 'DryTelevision', 'kpdujs']","['ghyfpiu', 'ShabbyWasp', 'ghwmn70']","['ghyfki9', 'ShabbyWasp', 'ghx6xlk']",,,,,,,,,,,,,,,,,,,,,,,,,,,,,,,,,,,,,,,,,,,,,,,,,,,,,,,,,,,,,,,,,,,,,,,,,,,,,,,,,,,,,,,,,,,
138,"['kpd9se', 'Great_Powerful_Og']",,,,,,,,,,,,,,,,,,,,,,,,,,,,,,,,,,,,,,,,,,,,,,,,,,,,,,,,,,,,,,,,,,,,,,,,,,,,,,,,,,,,,,,,,,,,,,,,
139,"['kpbno1', 'what-the-schist']","['ghxkgz0', 'Traditional_Listen97', 'kpbno1']","['ghxpq35', 'BibCalabaza', 'kpbno1']","['ghwhd28', '5pens', 'kpbno1']","['ghxerya', 'natalie3499', 'kpbno1']","['ghylwdy', 'Terminus_terror', 'kpbno1']","['ghynli2', 'Synamin', 'kpbno1']","['gi26pex', 'what-the-schist', 'kpbno1']","['ghyv3s6', 'Squirrelhenge', 'kpbno1']","['gi0tadh', 'mjthroaway827', 'kpbno1']","['gi6wh1l', 'kerwinklark26', 'kpbno1']","['ghyqbu6', 'catcloudie', 'ghxkgz0']","['gi0in1i', 'Traditional_Listen97', 'ghxkgz0']","['ghyfxlw', 'rdills', 'ghxpq35']","['ghyfzl2', 'rdills', 'ghxpq35']","['ghyvb27', 'Squirrelhenge', 'ghylwdy']","['gi6xuzz', 'what-the-schist', 'gi6wh1l']",,,,,,,,,,,,,,,,,,,,,,,,,,,,,,,,,,,,,,,,,,,,,,,,,,,,,,,,,,,,,,,,,,,,,,,,,,,,,,,,
140,"['kpauw9', 'Fleetleweezle']","['ghvytrl', 'HappySam89', 'kpauw9']","['ghw7pf1', 'MadamNerd', 'kpauw9']","['ghwdhhg', '131i', 'kpauw9']","['ghy4122', 'InvSilence', 'kpauw9']","['ghyrhc6', 'betbuzzy26', 'kpauw9']","['gi39l3x', 'dat_boi_on_xbox', 'kpauw9']","['ghyd9i7', 'None', 'ghvytrl']","['ghw0fmk', 'Fleetleweezle', 'ghvytrl']","['ghynmvq', 'Fleetleweezle', 'ghy4122']","['ghyorto', 'Fleetleweezle', 'ghy4122']","['ghyndk4', 'Fleetleweezle', 'ghyd9i7']","['ghz3ksa', 'InvSilence', 'ghyorto']",,,,,,,,,,,,,,,,,,,,,,,,,,,,,,,,,,,,,,,,,,,,,,,,,,,,,,,,,,,,,,,,,,,,,,,,,,,,,,,,,,,,
141,"['kp84xb', 'luke_135']",,,,,,,,,,,,,,,,,,,,,,,,,,,,,,,,,,,,,,,,,,,,,,,,,,,,,,,,,,,,,,,,,,,,,,,,,,,,,,,,,,,,,,,,,,,,,,,,
142,"['kp7no7', 'Gabieann']","['ghvrrgy', '_Nella_', 'kp7no7']","['ghxv6fr', 'HuoXue', 'kp7no7']","['ghw6we5', 'aidank91', 'kp7no7']","['ghwd1fh', 'Terminus_terror', 'kp7no7']","['ghwj97w', 'Dongwook23', 'kp7no7']","['ghwqiaj', 'chaosintejas', 'kp7no7']","['ghwcyin', 'PooveyFarmer', 'kp7no7']","['ghwkav7', 'kippy236', 'kp7no7']","['gi0msie', 'SlickNicCA', 'kp7no7']","['ghy5ef7', 'None', 'kp7no7']","['ghyx0o6', 'sourdoughAlaska', 'kp7no7']","['gi1ltua', 'PsychoMouse', 'kp7no7']","['gi1m5qy', 'PsychoMouse', 'ghwqiaj']","['gi1lxbf', 'ThisAppSucksLemon', 'gi1ltua']","['gi99qu4', 'Gabieann', 'gi1ltua']","['gi3606b', 'chaosintejas', 'gi1m5qy']","['gi372us', 'PsychoMouse', 'gi3606b']",,,,,,,,,,,,,,,,,,,,,,,,,,,,,,,,,,,,,,,,,,,,,,,,,,,,,,,,,,,,,,,,,,,,,,,,,,,,,,,
143,"['kp6t42', 'Lovelife9537']",,,,,,,,,,,,,,,,,,,,,,,,,,,,,,,,,,,,,,,,,,,,,,,,,,,,,,,,,,,,,,,,,,,,,,,,,,,,,,,,,,,,,,,,,,,,,,,,
144,"['kp4x2x', 'Yummy_Cheeze']","['ghv1os1', 'PoetLaureddit', 'kp4x2x']","['ghv7il1', 'angryhaiku', 'kp4x2x']","['ghv2cjp', 'JeffersonAgnes', 'kp4x2x']","['ghvijw0', 'simplicity38', 'kp4x2x']","['ghv78er', 'Elegant-Ad-7165', 'kp4x2x']","['ghvi9ax', 'G-42', 'kp4x2x']","['ghvm1l3', 'Lisagreyhound', 'kp4x2x']","['ghvrb65', 'JB_THE_QUEEF', 'kp4x2x']","['ghwblmo', 'KgoodMIL', 'kp4x2x']","['ghwc76r', 'skinnedasparagus', 'kp4x2x']","['ghwikqu', 'None', 'kp4x2x']","['ghx97rc', 'uxinger', 'kp4x2x']","['ghvi6om', 'Yummy_Cheeze', 'ghv1os1']","['ghvj1lo', 'Yummy_Cheeze', 'ghv7il1']","['ghvidmf', 'Yummy_Cheeze', 'ghv2cjp']","['ghvjibh', 'Yummy_Cheeze', 'ghvijw0']","['ghvii79', 'Yummy_Cheeze', 'ghv78er']","['ghvj9qj', 'Yummy_Cheeze', 'ghvi9ax']","['ghvmbex', 'Yummy_Cheeze', 'ghvm1l3']","['ghvub0f', 'Yummy_Cheeze', 'ghvrb65']","['ghxo0pg', 'Yummy_Cheeze', 'ghwblmo']","['ghxoib6', 'Yummy_Cheeze', 'ghwc76r']","['ghxonda', 'Yummy_Cheeze', 'ghwc76r']","['ghxosvk', 'Yummy_Cheeze', 'ghwikqu']","['ghxp1pc', 'Yummy_Cheeze', 'ghx97rc']","['ghvm8s6', 'angryhaiku', 'ghvj1lo']","['ghvmkoh', 'Yummy_Cheeze', 'ghvm8s6']",,,,,,,,,,,,,,,,,,,,,,,,,,,,,,,,,,,,,,,,,,,,,,,,,,,,,,,,,,,,,,,,,,,,,
145,"['kozz1g', 'peanutbutter_meow']",,,,,,,,,,,,,,,,,,,,,,,,,,,,,,,,,,,,,,,,,,,,,,,,,,,,,,,,,,,,,,,,,,,,,,,,,,,,,,,,,,,,,,,,,,,,,,,,
146,"['kox0mi', 'pixiespoon']","['ghtvs14', 'schoobydoo42', 'kox0mi']","['ghvj9xl', 'Lisagreyhound', 'kox0mi']","['ghu7vcs', 'pixiespoon', 'ghtvs14']","['ghzi3it', 'stellamcmillan', 'ghu7vcs']",,,,,,,,,,,,,,,,,,,,,,,,,,,,,,,,,,,,,,,,,,,,,,,,,,,,,,,,,,,,,,,,,,,,,,,,,,,,,,,,,,,,,,,,,,,,
147,"['kow271', 'Yashida14']",,,,,,,,,,,,,,,,,,,,,,,,,,,,,,,,,,,,,,,,,,,,,,,,,,,,,,,,,,,,,,,,,,,,,,,,,,,,,,,,,,,,,,,,,,,,,,,,
148,"['kovysx', 'Nyxxie_Moon']","['ghtukar', 'HonorableMention111', 'kovysx']","['gi7dz0w', 'blandarchy', 'kovysx']","['ghtvk3v', 'Nyxxie_Moon', 'ghtukar']","['ghu4l2t', 'brokecollegekid69', 'ghtvk3v']",,,,,,,,,,,,,,,,,,,,,,,,,,,,,,,,,,,,,,,,,,,,,,,,,,,,,,,,,,,,,,,,,,,,,,,,,,,,,,,,,,,,,,,,,,,,
149,"['kottiu', 'K_saudade']","['ghud79k', 'yesitsyourmom', 'kottiu']","['ghu3vc9', 'Southerngirl79', 'kottiu']","['ghvjs5l', 'Lisagreyhound', 'kottiu']","['ghuejf1', 'None', 'ghud79k']","['gi1ris1', 'None', 'ghud79k']","['ghunow5', 'yesitsyourmom', 'ghuejf1']","['gi2yr2g', 'yesitsyourmom', 'gi1ris1']",,,,,,,,,,,,,,,,,,,,,,,,,,,,,,,,,,,,,,,,,,,,,,,,,,,,,,,,,,,,,,,,,,,,,,,,,,,,,,,,,,,,,,,,,
150,"['kosib5', 'UnderMaterDebate']",,,,,,,,,,,,,,,,,,,,,,,,,,,,,,,,,,,,,,,,,,,,,,,,,,,,,,,,,,,,,,,,,,,,,,,,,,,,,,,,,,,,,,,,,,,,,,,,
151,"['koqwnr', 'drunkstacy']","['ghssrf8', 'whateva03', 'koqwnr']","['ght2o6a', 'toolongdidntread13', 'koqwnr']","['ghtcej8', 'tereskan', 'koqwnr']","['ghv1sq2', 'Cancer35shots', 'koqwnr']","['ghu5dwi', 'SvenArcher', 'koqwnr']","['ghwcubq', 'Twlo1', 'koqwnr']","['ghswksw', 'MrsShyster', 'koqwnr']","['ghthv4x', 'Nyxxie_Moon', 'koqwnr']","['ghw0mr3', 'brokecollegekid69', 'koqwnr']","['ghubr3m', 'schraefel1', 'koqwnr']","['ghutrmo', 'Skittles_the_Unicorn', 'koqwnr']","['ghvl69n', 'Lisagreyhound', 'koqwnr']","['ghwfex1', 'Stressknuckler19', 'koqwnr']","['ghyhkjw', 'Pyrheart', 'ghu5dwi']","['ghwe08c', 'skinnedasparagus', 'ghwcubq']","['ghwe4d2', 'Twlo1', 'ghwe08c']","['ghyhpqw', 'Pyrheart', 'ghwe4d2']",,,,,,,,,,,,,,,,,,,,,,,,,,,,,,,,,,,,,,,,,,,,,,,,,,,,,,,,,,,,,,,,,,,,,,,,,,,,,,,
152,"['koq4on', 'Impressive_Course_44']","['ghszesd', 'Asparagussie', 'koq4on']","['gi2enrd', 'SmartForARat', 'koq4on']","['ghtq9gb', 'Delouest', 'koq4on']","['ghsn3ji', '4x4Welder', 'koq4on']","['ghu4il5', 'thedancingwireless', 'koq4on']","['ghub30p', 'bros402', 'koq4on']","['ghuix6f', 'brokecollegekid69', 'koq4on']","['ghuuhbz', 'Skittles_the_Unicorn', 'koq4on']","['ghy6a9n', 'None', 'koq4on']","['gi03g9o', 'welp49', 'koq4on']","['gi2fqqj', 'Impressive_Course_44', 'gi2enrd']","['ghubhwb', 'Impressive_Course_44', 'ghtq9gb']","['ghycm26', 'Impressive_Course_44', 'ghu4il5']","['ghyd1is', 'Impressive_Course_44', 'ghuuhbz']","['ghydi64', 'Impressive_Course_44', 'ghy6a9n']","['gi0ldv2', 'Impressive_Course_44', 'gi03g9o']","['ghyemts', 'thedancingwireless', 'ghycm26']","['ghz0fit', 'None', 'ghydi64']","['gi2nziv', 'welp49', 'gi0ldv2']",,,,,,,,,,,,,,,,,,,,,,,,,,,,,,,,,,,,,,,,,,,,,,,,,,,,,,,,,,,,,,,,,,,,,,,,,,,,,
153,"['koq027', 'wolingfeng']","['ghtxkrw', 'Eruiz33', 'koq027']","['ghudosn', 'HodieHoHo', 'koq027']","['ghxrl2c', 'BibCalabaza', 'koq027']","['gi2ffxq', 'SmartForARat', 'koq027']","['ghu2dnt', 'wolingfeng', 'ghtxkrw']","['ghuk14m', 'sactal', 'ghu2dnt']",,,,,,,,,,,,,,,,,,,,,,,,,,,,,,,,,,,,,,,,,,,,,,,,,,,,,,,,,,,,,,,,,,,,,,,,,,,,,,,,,,,,,,,,,,
154,"['konwwm', 'Orbit_white_classic']","['ghsf9qp', 'joke22', 'konwwm']","['ghsi1gg', 'raw2082', 'konwwm']","['ghsmbfr', 'mojomojomojo50', 'konwwm']","['ghtntjr', 'pixiespoon', 'konwwm']","['ghsj8sd', 'PurpleFlame8', 'konwwm']","['ghsl1wh', 'frailtank', 'konwwm']","['ghsm3hu', 'None', 'konwwm']","['ghsmhel', 'wolingfeng', 'konwwm']","['ghtsmk5', '1Melanj3', 'konwwm']","['ghu3tm1', 'peanutbutter_meow', 'konwwm']","['ghs7a4m', 'Independent_Way8128', 'konwwm']","['ghudkfd', 'HodieHoHo', 'konwwm']","['ghvx25j', 'Fearless_Act_3698', 'konwwm']","['ghyfjip', 'CancerCareNews', 'konwwm']","['gi2dxon', 'SmartForARat', 'konwwm']","['gi37d8d', 'Grumpysmiler', 'konwwm']","['gi5tvvo', 'kelam78', 'konwwm']",,,,,,,,,,,,,,,,,,,,,,,,,,,,,,,,,,,,,,,,,,,,,,,,,,,,,,,,,,,,,,,,,,,,,,,,,,,,,,,
155,"['konqs0', 'Alethea595']","['ghs8md6', 'invigokate', 'konqs0']","['ghsdngv', 'raw2082', 'konqs0']","['ghsqh3i', 'Catsdrinkingbeer', 'konqs0']","['ghsc1u4', 'Terminus_terror', 'konqs0']","['ghsq8am', 'rain_parkour', 'konqs0']","['ghshmcu', 'StopTheMineshaftGap', 'konqs0']","['ghspmyl', 'thehairyhobo', 'konqs0']","['ghsg5c6', 'ParallelPeterParker', 'konqs0']","['ghso4vl', 'Artattack83', 'konqs0']","['ghs9kb4', 'Seratio', 'konqs0']","['ght1djg', 'Larissia80', 'konqs0']","['ght23ld', 'SlickNicCA', 'konqs0']","['ght2crj', 'Elsbethe', 'konqs0']","['ghsq0su', 'thehairyhobo', 'konqs0']","['ghtg12b', 'dertyyouop', 'konqs0']","['ghtsg7u', 'PhDepression101', 'konqs0']","['ghtmvh2', 'mblueskies', 'konqs0']","['ghtp94w', 'None', 'konqs0']","['ghtqsv8', 'McPebbster', 'konqs0']","['ghubyyn', 'juilianj19', 'konqs0']","['ghuh9nf', 'trollfessor', 'konqs0']","['ghuhhao', 'kilamitee', 'konqs0']","['ghukhbf', 'Tirenesse', 'konqs0']","['ghtqruy', '2ndChanceAtLife', 'konqs0']","['ghuxpa9', 'mar028', 'konqs0']","['ght0wl8', 'digitalvagrant', 'konqs0']","['ght0v3w', 'giangnguyenhoang', 'konqs0']","['ghxr21q', 'BibCalabaza', 'konqs0']","['ghysh99', 'betbuzzy26', 'konqs0']","['ghywt1w', 'coolpriority2', 'konqs0']","['gi1doca', 'None', 'konqs0']","['ghsa4ws', 'Alethea595', 'ghs8md6']","['ghsi9sz', 'Alethea595', 'ghsdngv']","['ghsu0fw', 'Alethea595', 'ghsqh3i']","['ghsf543', 'Alethea595', 'ghsc1u4']","['ghsth6i', 'Alethea595', 'ghsq8am']","['ghsj608', 'Alethea595', 'ghshmcu']","['ghstd53', 'Alethea595', 'ghspmyl']","['ghuguou', 'zombiealert', 'ghsg5c6']","['ghsbxep', 'Alethea595', 'ghs9kb4']","['ght2xwr', 'Alethea595', 'ght1djg']","['ghstfay', 'Alethea595', 'ghsq0su']","['ghtu2n8', 'Alethea595', 'ghtsg7u']","['ghtr9t9', 'Alethea595', 'ghtp94w']","['ghts1rx', 'Alethea595', 'ghtqsv8']","['ghvgqb1', 'Alethea595', 'ghukhbf']","['ght2q00', 'Alethea595', 'ght0v3w']","['ghuagoe', 'lazytothebones', 'ghsa4ws']","['ghsioj0', 'raw2082', 'ghsi9sz']","['ghsz1hc', 'Asparagussie', 'ghsu0fw']","['ghsg1ck', 'Terminus_terror', 'ghsf543']","['ghsmgq2', 'Terminus_terror', 'ghsj608']","['ghukgpv', 'lovelleigh', 'ghsj608']","['ghseuhx', 'Seratio', 'ghsbxep']","['ght5wku', 'giangnguyenhoang', 'ght2q00']","['ghsjj8l', 'Alethea595', 'ghsioj0']","['ghshtri', 'Alethea595', 'ghsg1ck']","['ghsko5d', 'Alethea595', 'ghseuhx']","['ghsjdpp', 'Terminus_terror', 'ghshtri']","['ghskbmy', 'Alethea595', 'ghsjdpp']","['ght7loj', 'RipePassionCouple', 'ghskbmy']",,,,,,,,,,,,,,,,,,,,,,,,,,,,,,,,,,,
156,"['kon8d2', 'PriceRolfe']",,,,,,,,,,,,,,,,,,,,,,,,,,,,,,,,,,,,,,,,,,,,,,,,,,,,,,,,,,,,,,,,,,,,,,,,,,,,,,,,,,,,,,,,,,,,,,,,
157,"['kokkgr', 'Hfran']","['ghrw7jg', 'sentient02970', 'kokkgr']","['ghrynnb', 'Seratio', 'kokkgr']","['ghs2mb2', 'smallermuse', 'kokkgr']","['ghrz8bb', 'Hfran', 'ghrw7jg']","['ghrzhwz', 'Hfran', 'ghrynnb']","['ghs2a4m', 'sentient02970', 'ghrz8bb']","['ghs0aut', 'Seratio', 'ghrzhwz']",,,,,,,,,,,,,,,,,,,,,,,,,,,,,,,,,,,,,,,,,,,,,,,,,,,,,,,,,,,,,,,,,,,,,,,,,,,,,,,,,,,,,,,,,
158,"['kohh7x', 'Dreamily9']",,,,,,,,,,,,,,,,,,,,,,,,,,,,,,,,,,,,,,,,,,,,,,,,,,,,,,,,,,,,,,,,,,,,,,,,,,,,,,,,,,,,,,,,,,,,,,,,
159,"['kogkxc', 'Secret_Help_3695']",,,,,,,,,,,,,,,,,,,,,,,,,,,,,,,,,,,,,,,,,,,,,,,,,,,,,,,,,,,,,,,,,,,,,,,,,,,,,,,,,,,,,,,,,,,,,,,,
160,"['koevig', 'midnightastrologist']","['ghqfxoi', 'katehberg', 'koevig']","['ghr32of', 'DJynxx', 'koevig']","['ghs6sic', 'lalaland616', 'koevig']","['ghvkgxb', 'Lisagreyhound', 'koevig']","['ghs537g', 'None', 'koevig']","['gnaatxl', 'midnightastrologist', 'ghqfxoi']","['ghzbo7c', 'midnightastrologist', 'ghr32of']","['gnaa96g', 'midnightastrologist', 'ghr32of']","['ghs6te1', 'converter-bot', 'ghs6sic']","['ghzb4m7', 'midnightastrologist', 'ghs6sic']","['ghzbjjk', 'midnightastrologist', 'ghvkgxb']","['ghzbh7u', 'midnightastrologist', 'ghs537g']","['gnabux9', 'DJynxx', 'gnaatxl']","['ghzpcvo', 'None', 'ghzbh7u']","['ghzsa7z', 'midnightastrologist', 'ghzpcvo']",,,,,,,,,,,,,,,,,,,,,,,,,,,,,,,,,,,,,,,,,,,,,,,,,,,,,,,,,,,,,,,,,,,,,,,,,,,,,,,,,
161,"['koeasx', 'dannylenwinn']","['ghq9z8k', 'dannylenwinn', 'koeasx']",,,,,,,,,,,,,,,,,,,,,,,,,,,,,,,,,,,,,,,,,,,,,,,,,,,,,,,,,,,,,,,,,,,,,,,,,,,,,,,,,,,,,,,,,,,,,,,
162,"['koci7h', 'melstar1111']","['ghq09fv', 'Arutimishia', 'koci7h']","['ghq74bb', 'CougarKiller', 'koci7h']","['ghrdffg', 'eh_Im_Not_Impressed', 'koci7h']","['ghpw0lo', 'thedancingwireless', 'koci7h']","['ghrptv7', 'peanutbutter_meow', 'koci7h']","['ghs86ta', 'Arentanji', 'koci7h']","['gi2h4nr', 'SmartForARat', 'koci7h']","['ghq21e5', 'melstar1111', 'ghq09fv']","['ghr6mz6', 'deviantflux', 'ghq74bb']","['ghr3zf5', 'makeup_or_nah', 'ghq74bb']","['ghsktrm', 'melstar1111', 'ghq74bb']","['gi2i02i', 'melstar1111', 'ghrdffg']","['ghpwmrk', 'melstar1111', 'ghpw0lo']","['gi2j1b2', 'melstar1111', 'gi2h4nr']","['ghq3cik', 'Arutimishia', 'ghq21e5']","['gi2pkmu', 'SmartForARat', 'gi2j1b2']","['ghq4u4b', 'melstar1111', 'ghq3cik']",,,,,,,,,,,,,,,,,,,,,,,,,,,,,,,,,,,,,,,,,,,,,,,,,,,,,,,,,,,,,,,,,,,,,,,,,,,,,,,
163,"['kochzb', 'jeliacones']","['ghpvtk5', 'thedancingwireless', 'kochzb']","['ghpvy2b', 'None', 'ghpvtk5']","['ghq00pa', 'thedancingwireless', 'ghpvy2b']",,,,,,,,,,,,,,,,,,,,,,,,,,,,,,,,,,,,,,,,,,,,,,,,,,,,,,,,,,,,,,,,,,,,,,,,,,,,,,,,,,,,,,,,,,,,,
164,"['koapzc', 'kami400']",,,,,,,,,,,,,,,,,,,,,,,,,,,,,,,,,,,,,,,,,,,,,,,,,,,,,,,,,,,,,,,,,,,,,,,,,,,,,,,,,,,,,,,,,,,,,,,,
165,"['ko8tka', 'DDT126']","['ghpgb5j', 'thedancingwireless', 'ko8tka']","['ghpgg5h', 'DDT126', 'ghpgb5j']",,,,,,,,,,,,,,,,,,,,,,,,,,,,,,,,,,,,,,,,,,,,,,,,,,,,,,,,,,,,,,,,,,,,,,,,,,,,,,,,,,,,,,,,,,,,,,
166,"['ko7uxr', 'TheLeftovers-']",,,,,,,,,,,,,,,,,,,,,,,,,,,,,,,,,,,,,,,,,,,,,,,,,,,,,,,,,,,,,,,,,,,,,,,,,,,,,,,,,,,,,,,,,,,,,,,,
167,"['ko7lhg', 'Striking_Career_1390']",,,,,,,,,,,,,,,,,,,,,,,,,,,,,,,,,,,,,,,,,,,,,,,,,,,,,,,,,,,,,,,,,,,,,,,,,,,,,,,,,,,,,,,,,,,,,,,,
