,0,1,2,3,4,5,6,7,8,9,10,11,12,13,14,15,16,17,18,19,20,21
0,"['ksux75', '-nws-']",,,,,,,,,,,,,,,,,,,,,
1,"['kstduj', 'Worth_Cryptographer7']","['gii12l5', 'Saytanschild', 'kstduj']","['giilyfe', 'eeeabr', 'kstduj']","['giipnfr', 'futte0975', 'kstduj']",,,,,,,,,,,,,,,,,,
2,"['ksrjf9', 'ocatlove']","['gihqbyv', 'holymotherofcats', 'ksrjf9']","['gii6nim', 'mollai', 'ksrjf9']","['gij1dwx', 'Seratio', 'ksrjf9']","['gim65br', 'fc967', 'ksrjf9']","['gim6of9', 'fc967', 'ksrjf9']","['gihqs8z', 'ocatlove', 'gihqbyv']","['gijd0su', 'ocatlove', 'gii6nim']","['gijcxhj', 'ocatlove', 'gij1dwx']","['git5l0k', 'ocatlove', 'gim6of9']","['gihr69v', 'holymotherofcats', 'gihqs8z']","['gihrkp3', 'ocatlove', 'gihr69v']",,,,,,,,,,
3,"['ksqyzf', 'Feeling_Difference_8']","['gii6dov', 'mollai', 'ksqyzf']","['gim5xy7', 'fc967', 'ksqyzf']",,,,,,,,,,,,,,,,,,,
4,"['ksqvcv', 'TessaFink']",,,,,,,,,,,,,,,,,,,,,
5,"['ksq6ys', '-H_A_Z_E-']",,,,,,,,,,,,,,,,,,,,,
6,"['kspzus', 'Wishingforanswers']",,,,,,,,,,,,,,,,,,,,,
7,"['kspqjq', '2caiques']","['gihm2ab', 'EphratahNothing', 'kspqjq']","['gihcx4c', 'amanitadrink', 'kspqjq']","['giht9qo', 'brokecollegekid69', 'kspqjq']","['gihtbkg', 'thegorethemerrier', 'kspqjq']","['gihwepw', 'eeeabr', 'kspqjq']","['gihykt1', 'trippy_hedron89', 'kspqjq']","['gii1caj', 'Clphurry', 'kspqjq']","['gii48bq', 'Traditional_Listen97', 'kspqjq']","['giib6or', 'meisen99', 'kspqjq']","['giijv8h', 'dogzilla1029', 'kspqjq']","['giioe6y', 'Snazzy_SassyPie', 'kspqjq']","['gint5t9', 'civonuap94', 'kspqjq']","['giht7tc', 'brokecollegekid69', 'gihm2ab']","['gii1agb', 'laplumedematante', 'gihcx4c']","['gii9ejj', 'EdmontonGal81', 'gihcx4c']","['gijm4n8', '2caiques', 'gihtbkg']","['gijmhl0', '2caiques', 'giib6or']","['gijksxq', '2caiques', 'giijv8h']","['gim7hmc', 'thegorethemerrier', 'gijm4n8']","['gimh41e', 'meisen99', 'gijmhl0']","['gil1gta', 'dogzilla1029', 'gijksxq']"
8,"['kspd1r', 'jimmybobby28']",,,,,,,,,,,,,,,,,,,,,
9,"['ksorhd', 'haventmetyou']","['gih8u97', 'kippy236', 'ksorhd']","['gihiy3q', 'Hop-a-lung', 'ksorhd']","['gihj5tp', 'haventmetyou', 'gihiy3q']","['gihmy1h', 'Hop-a-lung', 'gihj5tp']",,,,,,,,,,,,,,,,,
